run_id,concurrency_level,condition,tps,duration_seconds,total_transactions,start_timestamp,end_timestamp,session_id
THR-010-BA-1,10,baseline,40.4,60.0,2424,2025-10-04T09:00:00+01:00,2025-10-04T09:01:00+01:00,throughput-2025-10
THR-010-HR-1,10,hrbac,39.05,60.0,2343,2025-10-04T09:01:15+01:00,2025-10-04T09:02:15+01:00,throughput-2025-10
THR-010-HR-2,10,hrbac,39.46,60.0,2367,2025-10-04T09:02:25+01:00,2025-10-04T09:03:25+01:00,throughput-2025-10
THR-010-BA-2,10,baseline,41.55,60.0,2493,2025-10-04T09:03:41+01:00,2025-10-04T09:04:41+01:00,throughput-2025-10
THR-010-BA-3,10,baseline,41.79,60.0,2507,2025-10-04T09:05:01+01:00,2025-10-04T09:06:01+01:00,throughput-2025-10
THR-010-HR-3,10,hrbac,39.5,60.0,2370,2025-10-04T09:06:25+01:00,2025-10-04T09:07:25+01:00,throughput-2025-10
THR-010-BA-4,10,baseline,41.41,60.0,2484,2025-10-04T09:07:43+01:00,2025-10-04T09:08:43+01:00,throughput-2025-10
THR-010-HR-4,10,hrbac,38.78,60.0,2327,2025-10-04T09:09:06+01:00,2025-10-04T09:10:06+01:00,throughput-2025-10
THR-010-HR-5,10,hrbac,38.54,60.0,2312,2025-10-04T09:10:27+01:00,2025-10-04T09:11:27+01:00,throughput-2025-10
THR-010-BA-5,10,baseline,40.56,60.0,2434,2025-10-04T09:11:46+01:00,2025-10-04T09:12:46+01:00,throughput-2025-10
THR-020-HR-1,20,hrbac,47.25,60.0,2835,2025-10-04T09:12:57+01:00,2025-10-04T09:13:57+01:00,throughput-2025-10
THR-020-BA-1,20,baseline,51.63,60.0,3098,2025-10-04T09:14:08+01:00,2025-10-04T09:15:08+01:00,throughput-2025-10
THR-020-BA-2,20,baseline,51.25,60.0,3075,2025-10-04T09:15:22+01:00,2025-10-04T09:16:22+01:00,throughput-2025-10
THR-020-HR-2,20,hrbac,46.54,60.0,2792,2025-10-04T09:16:38+01:00,2025-10-04T09:17:38+01:00,throughput-2025-10
THR-020-BA-3,20,baseline,51.74,60.0,3104,2025-10-04T09:17:56+01:00,2025-10-04T09:18:56+01:00,throughput-2025-10
THR-020-HR-3,20,hrbac,47.19,60.0,2831,2025-10-04T09:19:12+01:00,2025-10-04T09:20:12+01:00,throughput-2025-10
THR-020-HR-4,20,hrbac,46.84,60.0,2810,2025-10-04T09:20:31+01:00,2025-10-04T09:21:31+01:00,throughput-2025-10
THR-020-BA-4,20,baseline,52.93,60.0,3176,2025-10-04T09:21:43+01:00,2025-10-04T09:22:43+01:00,throughput-2025-10
THR-020-HR-5,20,hrbac,46.12,60.0,2767,2025-10-04T09:23:02+01:00,2025-10-04T09:24:02+01:00,throughput-2025-10
THR-020-BA-5,20,baseline,52.29,60.0,3138,2025-10-04T09:24:16+01:00,2025-10-04T09:25:16+01:00,throughput-2025-10
THR-030-BA-1,30,baseline,60.47,60.0,3628,2025-10-04T09:25:37+01:00,2025-10-04T09:26:37+01:00,throughput-2025-10
THR-030-HR-1,30,hrbac,55.2,60.0,3312,2025-10-04T09:26:56+01:00,2025-10-04T09:27:56+01:00,throughput-2025-10
THR-030-BA-2,30,baseline,60.44,60.0,3627,2025-10-04T09:28:17+01:00,2025-10-04T09:29:17+01:00,throughput-2025-10
THR-030-HR-2,30,hrbac,55.93,60.0,3356,2025-10-04T09:29:37+01:00,2025-10-04T09:30:37+01:00,throughput-2025-10
THR-030-BA-3,30,baseline,60.86,60.0,3652,2025-10-04T09:30:53+01:00,2025-10-04T09:31:53+01:00,throughput-2025-10
THR-030-HR-3,30,hrbac,54.63,60.0,3278,2025-10-04T09:32:17+01:00,2025-10-04T09:33:17+01:00,throughput-2025-10
THR-030-BA-4,30,baseline,60.58,60.0,3635,2025-10-04T09:33:33+01:00,2025-10-04T09:34:33+01:00,throughput-2025-10
THR-030-HR-4,30,hrbac,55.1,60.0,3306,2025-10-04T09:34:50+01:00,2025-10-04T09:35:50+01:00,throughput-2025-10
THR-030-BA-5,30,baseline,61.42,60.0,3685,2025-10-04T09:36:09+01:00,2025-10-04T09:37:09+01:00,throughput-2025-10
THR-030-HR-5,30,hrbac,53.91,60.0,3235,2025-10-04T09:37:20+01:00,2025-10-04T09:38:20+01:00,throughput-2025-10
THR-040-HR-1,40,hrbac,63.67,60.0,3820,2025-10-04T09:38:35+01:00,2025-10-04T09:39:35+01:00,throughput-2025-10
THR-040-BA-1,40,baseline,70.04,60.0,4202,2025-10-04T09:39:51+01:00,2025-10-04T09:40:51+01:00,throughput-2025-10
THR-040-HR-2,40,hrbac,64.54,60.0,3873,2025-10-04T09:41:02+01:00,2025-10-04T09:42:02+01:00,throughput-2025-10
THR-040-BA-2,40,baseline,72.5,60.0,4350,2025-10-04T09:42:15+01:00,2025-10-04T09:43:15+01:00,throughput-2025-10
THR-040-BA-3,40,baseline,72.42,60.0,4345,2025-10-04T09:43:27+01:00,2025-10-04T09:44:27+01:00,throughput-2025-10
THR-040-HR-3,40,hrbac,65.94,60.0,3956,2025-10-04T09:44:49+01:00,2025-10-04T09:45:49+01:00,throughput-2025-10
THR-040-BA-4,40,baseline,72.67,60.0,4360,2025-10-04T09:46:11+01:00,2025-10-04T09:47:11+01:00,throughput-2025-10
THR-040-HR-4,40,hrbac,63.94,60.0,3836,2025-10-04T09:47:32+01:00,2025-10-04T09:48:32+01:00,throughput-2025-10
THR-040-HR-5,40,hrbac,63.12,60.0,3787,2025-10-04T09:48:49+01:00,2025-10-04T09:49:49+01:00,throughput-2025-10
THR-040-BA-5,40,baseline,71.35,60.0,4281,2025-10-04T09:50:11+01:00,2025-10-04T09:51:11+01:00,throughput-2025-10
THR-050-HR-1,50,hrbac,60.95,60.0,3657,2025-10-04T09:51:36+01:00,2025-10-04T09:52:36+01:00,throughput-2025-10
THR-050-BA-1,50,baseline,65.9,60.0,3954,2025-10-04T09:52:47+01:00,2025-10-04T09:53:47+01:00,throughput-2025-10
THR-050-HR-2,50,hrbac,62.68,60.0,3761,2025-10-04T09:54:08+01:00,2025-10-04T09:55:08+01:00,throughput-2025-10
THR-050-BA-2,50,baseline,70.46,60.0,4227,2025-10-04T09:55:26+01:00,2025-10-04T09:56:26+01:00,throughput-2025-10
THR-050-BA-3,50,baseline,68.22,60.0,4093,2025-10-04T09:56:38+01:00,2025-10-04T09:57:38+01:00,throughput-2025-10
THR-050-HR-3,50,hrbac,63.41,60.0,3804,2025-10-04T09:57:53+01:00,2025-10-04T09:58:53+01:00,throughput-2025-10
THR-050-BA-4,50,baseline,70.0,60.0,4200,2025-10-04T09:59:05+01:00,2025-10-04T10:00:05+01:00,throughput-2025-10
THR-050-HR-4,50,hrbac,63.37,60.0,3802,2025-10-04T10:00:19+01:00,2025-10-04T10:01:19+01:00,throughput-2025-10
THR-050-HR-5,50,hrbac,64.15,60.0,3849,2025-10-04T10:01:39+01:00,2025-10-04T10:02:39+01:00,throughput-2025-10
THR-050-BA-5,50,baseline,67.4,60.0,4044,2025-10-04T10:02:53+01:00,2025-10-04T10:03:53+01:00,throughput-2025-10
THR-060-HR-1,60,hrbac,60.16,60.0,3609,2025-10-04T10:04:04+01:00,2025-10-04T10:05:04+01:00,throughput-2025-10
THR-060-BA-1,60,baseline,63.97,60.0,3838,2025-10-04T10:05:18+01:00,2025-10-04T10:06:18+01:00,throughput-2025-10
THR-060-HR-2,60,hrbac,60.48,60.0,3629,2025-10-04T10:06:42+01:00,2025-10-04T10:07:42+01:00,throughput-2025-10
THR-060-BA-2,60,baseline,66.92,60.0,4015,2025-10-04T10:08:04+01:00,2025-10-04T10:09:04+01:00,throughput-2025-10
THR-060-BA-3,60,baseline,68.55,60.0,4113,2025-10-04T10:09:28+01:00,2025-10-04T10:10:28+01:00,throughput-2025-10
THR-060-HR-3,60,hrbac,60.44,60.0,3626,2025-10-04T10:10:45+01:00,2025-10-04T10:11:45+01:00,throughput-2025-10
THR-060-BA-4,60,baseline,67.69,60.0,4062,2025-10-04T10:12:05+01:00,2025-10-04T10:13:05+01:00,throughput-2025-10
THR-060-HR-4,60,hrbac,61.37,60.0,3682,2025-10-04T10:13:28+01:00,2025-10-04T10:14:28+01:00,throughput-2025-10
THR-060-BA-5,60,baseline,66.84,60.0,4010,2025-10-04T10:14:53+01:00,2025-10-04T10:15:53+01:00,throughput-2025-10
THR-060-HR-5,60,hrbac,60.04,60.0,3602,2025-10-04T10:16:07+01:00,2025-10-04T10:17:07+01:00,throughput-2025-10
THR-070-BA-1,70,baseline,67.93,60.0,4076,2025-10-04T10:17:27+01:00,2025-10-04T10:18:27+01:00,throughput-2025-10
THR-070-HR-1,70,hrbac,58.98,60.0,3539,2025-10-04T10:18:37+01:00,2025-10-04T10:19:37+01:00,throughput-2025-10
THR-070-BA-2,70,baseline,65.87,60.0,3952,2025-10-04T10:19:48+01:00,2025-10-04T10:20:48+01:00,throughput-2025-10
THR-070-HR-2,70,hrbac,59.23,60.0,3554,2025-10-04T10:21:06+01:00,2025-10-04T10:22:06+01:00,throughput-2025-10
THR-070-BA-3,70,baseline,63.09,60.0,3786,2025-10-04T10:22:19+01:00,2025-10-04T10:23:19+01:00,throughput-2025-10
THR-070-HR-3,70,hrbac,58.77,60.0,3526,2025-10-04T10:23:31+01:00,2025-10-04T10:24:31+01:00,throughput-2025-10
THR-070-HR-4,70,hrbac,58.88,60.0,3533,2025-10-04T10:24:41+01:00,2025-10-04T10:25:41+01:00,throughput-2025-10
THR-070-BA-4,70,baseline,65.72,60.0,3943,2025-10-04T10:26:06+01:00,2025-10-04T10:27:06+01:00,throughput-2025-10
THR-070-HR-5,70,hrbac,57.56,60.0,3454,2025-10-04T10:27:23+01:00,2025-10-04T10:28:23+01:00,throughput-2025-10
THR-070-BA-5,70,baseline,66.07,60.0,3964,2025-10-04T10:28:47+01:00,2025-10-04T10:29:47+01:00,throughput-2025-10
THR-080-BA-1,80,baseline,65.03,60.0,3902,2025-10-04T10:30:12+01:00,2025-10-04T10:31:12+01:00,throughput-2025-10
THR-080-HR-1,80,hrbac,55.82,60.0,3349,2025-10-04T10:31:29+01:00,2025-10-04T10:32:29+01:00,throughput-2025-10
THR-080-BA-2,80,baseline,64.55,60.0,3873,2025-10-04T10:32:54+01:00,2025-10-04T10:33:54+01:00,throughput-2025-10
THR-080-HR-2,80,hrbac,56.47,60.0,3388,2025-10-04T10:34:11+01:00,2025-10-04T10:35:11+01:00,throughput-2025-10
THR-080-BA-3,80,baseline,63.48,60.0,3809,2025-10-04T10:35:34+01:00,2025-10-04T10:36:34+01:00,throughput-2025-10
THR-080-HR-3,80,hrbac,55.13,60.0,3308,2025-10-04T10:36:55+01:00,2025-10-04T10:37:55+01:00,throughput-2025-10
THR-080-BA-4,80,baseline,64.25,60.0,3855,2025-10-04T10:38:13+01:00,2025-10-04T10:39:13+01:00,throughput-2025-10
THR-080-HR-4,80,hrbac,57.49,60.0,3449,2025-10-04T10:39:25+01:00,2025-10-04T10:40:25+01:00,throughput-2025-10
THR-080-BA-5,80,baseline,62.3,60.0,3738,2025-10-04T10:40:44+01:00,2025-10-04T10:41:44+01:00,throughput-2025-10
THR-080-HR-5,80,hrbac,54.78,60.0,3287,2025-10-04T10:42:02+01:00,2025-10-04T10:43:02+01:00,throughput-2025-10
THR-090-BA-1,90,baseline,61.5,60.0,3690,2025-10-04T10:43:13+01:00,2025-10-04T10:44:13+01:00,throughput-2025-10
THR-090-HR-1,90,hrbac,56.52,60.0,3391,2025-10-04T10:44:37+01:00,2025-10-04T10:45:37+01:00,throughput-2025-10
THR-090-HR-2,90,hrbac,54.1,60.0,3246,2025-10-04T10:46:00+01:00,2025-10-04T10:47:00+01:00,throughput-2025-10
THR-090-BA-2,90,baseline,61.32,60.0,3679,2025-10-04T10:47:12+01:00,2025-10-04T10:48:12+01:00,throughput-2025-10
THR-090-HR-3,90,hrbac,54.48,60.0,3269,2025-10-04T10:48:25+01:00,2025-10-04T10:49:25+01:00,throughput-2025-10
THR-090-BA-3,90,baseline,61.66,60.0,3700,2025-10-04T10:49:39+01:00,2025-10-04T10:50:39+01:00,throughput-2025-10
THR-090-BA-4,90,baseline,62.8,60.0,3768,2025-10-04T10:50:49+01:00,2025-10-04T10:51:49+01:00,throughput-2025-10
THR-090-HR-4,90,hrbac,56.51,60.0,3391,2025-10-04T10:52:00+01:00,2025-10-04T10:53:00+01:00,throughput-2025-10
THR-090-BA-5,90,baseline,60.64,60.0,3638,2025-10-04T10:53:11+01:00,2025-10-04T10:54:11+01:00,throughput-2025-10
THR-090-HR-5,90,hrbac,54.9,60.0,3294,2025-10-04T10:54:21+01:00,2025-10-04T10:55:21+01:00,throughput-2025-10
THR-100-HR-1,100,hrbac,54.58,60.0,3275,2025-10-04T10:55:41+01:00,2025-10-04T10:56:41+01:00,throughput-2025-10
THR-100-BA-1,100,baseline,59.0,60.0,3540,2025-10-04T10:56:57+01:00,2025-10-04T10:57:57+01:00,throughput-2025-10
THR-100-BA-2,100,baseline,58.25,60.0,3495,2025-10-04T10:58:15+01:00,2025-10-04T10:59:15+01:00,throughput-2025-10
THR-100-HR-2,100,hrbac,54.86,60.0,3292,2025-10-04T10:59:37+01:00,2025-10-04T11:00:37+01:00,throughput-2025-10
THR-100-BA-3,100,baseline,58.54,60.0,3513,2025-10-04T11:00:57+01:00,2025-10-04T11:01:57+01:00,throughput-2025-10
THR-100-HR-3,100,hrbac,53.06,60.0,3184,2025-10-04T11:02:17+01:00,2025-10-04T11:03:17+01:00,throughput-2025-10
THR-100-BA-4,100,baseline,58.32,60.0,3499,2025-10-04T11:03:41+01:00,2025-10-04T11:04:41+01:00,throughput-2025-10
THR-100-HR-4,100,hrbac,55.36,60.0,3321,2025-10-04T11:05:02+01:00,2025-10-04T11:06:02+01:00,throughput-2025-10
THR-100-BA-5,100,baseline,58.8,60.0,3528,2025-10-04T11:06:16+01:00,2025-10-04T11:07:16+01:00,throughput-2025-10
THR-100-HR-5,100,hrbac,54.49,60.0,3270,2025-10-04T11:07:39+01:00,2025-10-04T11:08:39+01:00,throughput-2025-10
