timestamp,attempt_id,caller_id,resource,decision,deny_reason
2025-08-04T04:00:03+01:00,ATT-00473,sns-048,environmental_record,denied,REVOKED_CREDENTIAL
2025-08-05T21:50:27+01:00,ATT-00216,usr-038,zone_config,denied,REVOKED_CREDENTIAL
2025-08-05T22:07:53+01:00,ATT-00481,usr-046,provenance_log,denied,REVOKED_CREDENTIAL
2025-08-06T20:00:56+01:00,ATT-00480,usr-073,provenance_log,denied,REVOKED_CREDENTIAL
2025-08-07T00:07:59+01:00,ATT-00020,usr-073,zone_config,denied,REVOKED_CREDENTIAL
2025-08-07T05:46:48+01:00,ATT-00294,usr-038,zone_config,denied,REVOKED_CREDENTIAL
2025-08-07T21:39:25+01:00,ATT-00691,usr-012,audit_log,denied,REVOKED_CREDENTIAL
2025-08-08T06:45:27+01:00,ATT-00479,sns-007,sensor_reading,denied,REVOKED_CREDENTIAL
2025-08-08T10:38:22+01:00,ATT-00782,usr-044,provenance_log,denied,REVOKED_CREDENTIAL
2025-08-09T13:29:50+01:00,ATT-00424,sns-045,provenance_log,denied,REVOKED_CREDENTIAL
2025-08-10T06:39:39+01:00,ATT-00395,usr-044,sensor_reading,denied,REVOKED_CREDENTIAL
2025-08-11T02:29:19+01:00,ATT-00509,sns-007,zone_config,denied,REVOKED_CREDENTIAL
2025-08-12T22:57:35+01:00,ATT-00578,usr-013,sensor_reading,denied,REVOKED_CREDENTIAL
2025-08-14T02:02:38+01:00,ATT-00109,usr-075,sensor_reading,denied,REVOKED_CREDENTIAL
2025-08-15T08:25:39+01:00,ATT-00333,usr-102,zone_config,denied,REVOKED_CREDENTIAL
2025-08-15T08:29:01+01:00,ATT-00277,sns-003,provenance_log,denied,REVOKED_CREDENTIAL
2025-08-15T09:04:43+01:00,ATT-00572,usr-109,zone_config,denied,REVOKED_CREDENTIAL
2025-08-15T09:14:37+01:00,ATT-00835,usr-001,zone_config,denied,REVOKED_CREDENTIAL
2025-08-15T18:56:09+01:00,ATT-00972,usr-001,provenance_log,denied,REVOKED_CREDENTIAL
2025-08-17T09:25:50+01:00,ATT-00913,usr-003,sensor_reading,denied,REVOKED_CREDENTIAL
2025-08-18T00:47:11+01:00,ATT-00458,sns-045,audit_log,denied,REVOKED_CREDENTIAL
2025-08-18T04:20:44+01:00,ATT-00180,usr-102,zone_config,denied,REVOKED_CREDENTIAL
2025-08-18T08:09:33+01:00,ATT-00251,sns-048,zone_config,denied,REVOKED_CREDENTIAL
2025-08-18T08:27:08+01:00,ATT-00313,sns-003,environmental_record,denied,REVOKED_CREDENTIAL
2025-08-18T15:11:06+01:00,ATT-00080,usr-045,sensor_reading,denied,REVOKED_CREDENTIAL
2025-08-19T00:03:40+01:00,ATT-00344,usr-003,sensor_reading,denied,REVOKED_CREDENTIAL
2025-08-19T05:53:12+01:00,ATT-00246,usr-109,sensor_reading,denied,REVOKED_CREDENTIAL
2025-08-19T07:12:02+01:00,ATT-00876,usr-046,audit_log,denied,REVOKED_CREDENTIAL
2025-08-19T12:53:13+01:00,ATT-00813,usr-013,sensor_reading,denied,REVOKED_CREDENTIAL
2025-08-19T23:43:31+01:00,ATT-00154,usr-102,sensor_reading,denied,REVOKED_CREDENTIAL
2025-08-20T02:13:30+01:00,ATT-00463,sns-028,zone_config,denied,REVOKED_CREDENTIAL
2025-08-20T16:25:01+01:00,ATT-00543,sns-030,zone_config,denied,REVOKED_CREDENTIAL
2025-08-20T18:56:44+01:00,ATT-00505,sns-045,audit_log,denied,REVOKED_CREDENTIAL
2025-08-20T19:27:23+01:00,ATT-00314,usr-089,sensor_reading,denied,REVOKED_CREDENTIAL
2025-08-21T12:53:47+01:00,ATT-00221,usr-038,environmental_record,denied,REVOKED_CREDENTIAL
2025-08-21T17:16:34+01:00,ATT-00086,sns-007,provenance_log,denied,REVOKED_CREDENTIAL
2025-08-21T21:00:09+01:00,ATT-00521,usr-045,zone_config,denied,REVOKED_CREDENTIAL
2025-08-22T00:57:24+01:00,ATT-00477,usr-038,provenance_log,denied,REVOKED_CREDENTIAL
2025-08-22T05:02:03+01:00,ATT-00015,usr-036,zone_config,denied,REVOKED_CREDENTIAL
2025-08-22T09:57:16+01:00,ATT-00049,usr-095,sensor_reading,denied,REVOKED_CREDENTIAL
2025-08-22T12:56:14+01:00,ATT-00050,usr-089,environmental_record,denied,REVOKED_CREDENTIAL
2025-08-22T13:13:26+01:00,ATT-00618,usr-095,provenance_log,denied,REVOKED_CREDENTIAL
2025-08-22T14:55:12+01:00,ATT-00189,usr-004,zone_config,denied,REVOKED_CREDENTIAL
2025-08-22T15:01:02+01:00,ATT-00186,usr-075,sensor_reading,denied,REVOKED_CREDENTIAL
2025-08-22T21:29:32+01:00,ATT-00033,usr-013,zone_config,denied,REVOKED_CREDENTIAL
2025-08-23T00:47:10+01:00,ATT-00415,usr-046,environmental_record,denied,REVOKED_CREDENTIAL
2025-08-23T07:50:45+01:00,ATT-00461,usr-045,zone_config,denied,REVOKED_CREDENTIAL
2025-08-23T09:59:06+01:00,ATT-00778,usr-111,sensor_reading,denied,REVOKED_CREDENTIAL
2025-08-24T00:12:33+01:00,ATT-00128,usr-111,environmental_record,denied,REVOKED_CREDENTIAL
2025-08-24T09:51:54+01:00,ATT-00055,usr-075,provenance_log,denied,REVOKED_CREDENTIAL
2025-08-24T17:39:27+01:00,ATT-00380,usr-012,environmental_record,denied,REVOKED_CREDENTIAL
2025-08-24T18:39:43+01:00,ATT-00211,usr-075,sensor_reading,denied,REVOKED_CREDENTIAL
2025-08-24T19:19:03+01:00,ATT-00838,usr-089,audit_log,denied,REVOKED_CREDENTIAL
2025-08-24T19:38:20+01:00,ATT-00817,usr-109,zone_config,denied,REVOKED_CREDENTIAL
2025-08-24T21:23:48+01:00,ATT-00772,usr-111,sensor_reading,denied,REVOKED_CREDENTIAL
2025-08-25T11:27:51+01:00,ATT-00074,usr-102,provenance_log,denied,REVOKED_CREDENTIAL
2025-08-25T11:56:44+01:00,ATT-00397,usr-036,zone_config,denied,REVOKED_CREDENTIAL
2025-08-25T13:34:05+01:00,ATT-00898,usr-001,zone_config,denied,REVOKED_CREDENTIAL
2025-08-25T14:33:41+01:00,ATT-00738,usr-089,sensor_reading,denied,REVOKED_CREDENTIAL
2025-08-25T15:12:54+01:00,ATT-00119,usr-102,sensor_reading,denied,REVOKED_CREDENTIAL
2025-08-25T15:30:40+01:00,ATT-00808,usr-106,zone_config,denied,REVOKED_CREDENTIAL
2025-08-25T16:35:06+01:00,ATT-00910,sns-048,provenance_log,denied,REVOKED_CREDENTIAL
2025-08-26T03:04:40+01:00,ATT-00005,usr-003,audit_log,denied,REVOKED_CREDENTIAL
2025-08-26T05:02:29+01:00,ATT-00223,sns-004,environmental_record,denied,REVOKED_CREDENTIAL
2025-08-26T06:19:37+01:00,ATT-00453,usr-037,zone_config,denied,REVOKED_CREDENTIAL
2025-08-26T07:08:01+01:00,ATT-00345,usr-036,zone_config,denied,REVOKED_CREDENTIAL
2025-08-26T09:19:45+01:00,ATT-00534,usr-095,environmental_record,denied,REVOKED_CREDENTIAL
2025-08-26T20:51:37+01:00,ATT-00952,sns-030,zone_config,denied,REVOKED_CREDENTIAL
2025-08-26T20:53:44+01:00,ATT-00930,usr-003,audit_log,denied,REVOKED_CREDENTIAL
2025-08-26T21:49:13+01:00,ATT-00434,usr-078,sensor_reading,denied,REVOKED_CREDENTIAL
2025-08-27T02:52:31+01:00,ATT-00666,usr-079,provenance_log,denied,REVOKED_CREDENTIAL
2025-08-27T04:16:32+01:00,ATT-00963,usr-058,sensor_reading,denied,REVOKED_CREDENTIAL
2025-08-27T04:40:14+01:00,ATT-00374,usr-036,sensor_reading,denied,REVOKED_CREDENTIAL
2025-08-27T10:40:38+01:00,ATT-00562,usr-075,zone_config,denied,REVOKED_CREDENTIAL
2025-08-27T11:02:12+01:00,ATT-00932,sns-036,zone_config,denied,REVOKED_CREDENTIAL
2025-08-27T13:17:26+01:00,ATT-00760,usr-111,zone_config,denied,REVOKED_CREDENTIAL
2025-08-27T15:23:48+01:00,ATT-00674,usr-043,zone_config,denied,REVOKED_CREDENTIAL
2025-08-27T17:09:56+01:00,ATT-00420,usr-078,environmental_record,denied,REVOKED_CREDENTIAL
2025-08-27T18:04:48+01:00,ATT-00317,usr-092,sensor_reading,denied,REVOKED_CREDENTIAL
2025-08-27T18:51:47+01:00,ATT-00018,sns-012,provenance_log,denied,REVOKED_CREDENTIAL
2025-08-27T21:48:06+01:00,ATT-00165,sns-006,environmental_record,denied,REVOKED_CREDENTIAL
2025-08-28T03:56:59+01:00,ATT-00709,usr-090,sensor_reading,denied,REVOKED_CREDENTIAL
2025-08-28T04:54:37+01:00,ATT-00464,sns-006,sensor_reading,denied,REVOKED_CREDENTIAL
2025-08-28T05:42:32+01:00,ATT-00797,sns-035,zone_config,denied,REVOKED_CREDENTIAL
2025-08-28T15:47:00+01:00,ATT-00836,sns-014,environmental_record,denied,REVOKED_CREDENTIAL
2025-08-28T16:02:36+01:00,ATT-00341,usr-013,zone_config,denied,REVOKED_CREDENTIAL
2025-08-28T20:18:18+01:00,ATT-00072,usr-109,environmental_record,denied,REVOKED_CREDENTIAL
2025-08-28T21:29:18+01:00,ATT-00563,usr-024,environmental_record,denied,REVOKED_CREDENTIAL
2025-08-29T00:12:22+01:00,ATT-00548,usr-078,zone_config,denied,REVOKED_CREDENTIAL
2025-08-29T00:20:14+01:00,ATT-00276,sns-048,sensor_reading,denied,REVOKED_CREDENTIAL
2025-08-29T03:59:07+01:00,ATT-00863,sns-025,audit_log,denied,REVOKED_CREDENTIAL
2025-08-29T04:50:25+01:00,ATT-00846,usr-086,sensor_reading,denied,REVOKED_CREDENTIAL
2025-08-29T04:53:17+01:00,ATT-00152,usr-024,sensor_reading,denied,REVOKED_CREDENTIAL
2025-08-29T05:04:34+01:00,ATT-00948,usr-065,provenance_log,denied,REVOKED_CREDENTIAL
2025-08-29T05:08:26+01:00,ATT-00095,usr-106,audit_log,denied,REVOKED_CREDENTIAL
2025-08-29T06:59:37+01:00,ATT-00891,usr-116,sensor_reading,denied,REVOKED_CREDENTIAL
2025-08-29T07:20:52+01:00,ATT-00127,sns-004,environmental_record,denied,REVOKED_CREDENTIAL
2025-08-29T09:31:04+01:00,ATT-00167,usr-056,zone_config,denied,REVOKED_CREDENTIAL
2025-08-29T10:26:09+01:00,ATT-00767,sns-028,sensor_reading,denied,REVOKED_CREDENTIAL
2025-08-29T11:01:08+01:00,ATT-00237,sns-006,provenance_log,denied,REVOKED_CREDENTIAL
2025-08-29T13:21:02+01:00,ATT-00184,usr-038,zone_config,denied,REVOKED_CREDENTIAL
2025-08-29T20:57:01+01:00,ATT-00490,usr-078,provenance_log,denied,REVOKED_CREDENTIAL
2025-08-29T21:08:54+01:00,ATT-00516,usr-003,environmental_record,denied,REVOKED_CREDENTIAL
2025-08-29T22:17:59+01:00,ATT-00229,sns-035,audit_log,denied,REVOKED_CREDENTIAL
2025-08-30T01:23:16+01:00,ATT-00626,sns-012,provenance_log,denied,REVOKED_CREDENTIAL
2025-08-30T03:18:23+01:00,ATT-00201,sns-045,sensor_reading,denied,REVOKED_CREDENTIAL
2025-08-30T14:16:12+01:00,ATT-00021,usr-051,sensor_reading,denied,REVOKED_CREDENTIAL
2025-08-30T17:27:59+01:00,ATT-00078,sns-028,sensor_reading,denied,REVOKED_CREDENTIAL
2025-08-30T19:36:14+01:00,ATT-00620,usr-116,environmental_record,denied,REVOKED_CREDENTIAL
2025-08-31T01:34:15+01:00,ATT-00623,sns-004,sensor_reading,denied,REVOKED_CREDENTIAL
2025-08-31T03:33:36+01:00,ATT-00349,usr-012,zone_config,denied,REVOKED_CREDENTIAL
2025-08-31T05:43:38+01:00,ATT-00062,usr-004,provenance_log,denied,REVOKED_CREDENTIAL
2025-08-31T06:53:33+01:00,ATT-00754,usr-078,audit_log,denied,REVOKED_CREDENTIAL
2025-08-31T10:27:49+01:00,ATT-00168,usr-029,environmental_record,denied,REVOKED_CREDENTIAL
2025-08-31T23:17:44+01:00,ATT-00126,usr-056,environmental_record,denied,REVOKED_CREDENTIAL
2025-09-01T07:38:29+01:00,ATT-00501,usr-081,audit_log,denied,REVOKED_CREDENTIAL
2025-09-01T16:45:37+01:00,ATT-00248,usr-029,provenance_log,denied,REVOKED_CREDENTIAL
2025-09-01T16:45:50+01:00,ATT-00700,sns-025,environmental_record,denied,REVOKED_CREDENTIAL
2025-09-01T19:15:58+01:00,ATT-00844,usr-089,sensor_reading,denied,REVOKED_CREDENTIAL
2025-09-01T20:45:34+01:00,ATT-00217,usr-044,zone_config,denied,REVOKED_CREDENTIAL
2025-09-01T21:45:11+01:00,ATT-00688,usr-075,provenance_log,denied,REVOKED_CREDENTIAL
2025-09-02T02:01:49+01:00,ATT-00278,usr-079,sensor_reading,denied,REVOKED_CREDENTIAL
2025-09-02T03:49:15+01:00,ATT-00658,usr-106,zone_config,denied,REVOKED_CREDENTIAL
2025-09-02T04:22:17+01:00,ATT-00536,usr-092,environmental_record,denied,REVOKED_CREDENTIAL
2025-09-02T05:22:23+01:00,ATT-00546,usr-075,zone_config,denied,REVOKED_CREDENTIAL
2025-09-02T09:59:32+01:00,ATT-00547,usr-003,sensor_reading,denied,REVOKED_CREDENTIAL
2025-09-02T10:46:44+01:00,ATT-00476,usr-029,sensor_reading,denied,REVOKED_CREDENTIAL
2025-09-02T13:18:21+01:00,ATT-00381,usr-028,environmental_record,denied,REVOKED_CREDENTIAL
2025-09-02T15:35:16+01:00,ATT-00894,usr-102,provenance_log,denied,REVOKED_CREDENTIAL
2025-09-02T15:54:20+01:00,ATT-00942,usr-079,sensor_reading,denied,REVOKED_CREDENTIAL
2025-09-02T17:03:10+01:00,ATT-00283,usr-065,sensor_reading,denied,REVOKED_CREDENTIAL
2025-09-02T17:52:40+01:00,ATT-00958,usr-092,sensor_reading,denied,REVOKED_CREDENTIAL
2025-09-03T01:27:47+01:00,ATT-00849,usr-106,sensor_reading,denied,REVOKED_CREDENTIAL
2025-09-03T07:44:43+01:00,ATT-00354,sns-003,sensor_reading,denied,REVOKED_CREDENTIAL
2025-09-03T15:49:34+01:00,ATT-00664,usr-001,environmental_record,denied,REVOKED_CREDENTIAL
2025-09-03T18:11:11+01:00,ATT-00906,usr-015,provenance_log,denied,REVOKED_CREDENTIAL
2025-09-03T20:58:57+01:00,ATT-00814,usr-046,audit_log,denied,REVOKED_CREDENTIAL
2025-09-03T21:27:04+01:00,ATT-00649,usr-095,environmental_record,denied,REVOKED_CREDENTIAL
2025-09-03T22:27:46+01:00,ATT-00110,usr-102,environmental_record,denied,REVOKED_CREDENTIAL
2025-09-03T23:17:59+01:00,ATT-00826,usr-079,environmental_record,denied,REVOKED_CREDENTIAL
2025-09-04T06:34:37+01:00,ATT-00101,usr-029,zone_config,denied,REVOKED_CREDENTIAL
2025-09-04T06:58:18+01:00,ATT-00412,usr-111,zone_config,denied,REVOKED_CREDENTIAL
2025-09-04T12:50:14+01:00,ATT-00690,sns-025,zone_config,denied,REVOKED_CREDENTIAL
2025-09-04T15:06:56+01:00,ATT-00830,usr-111,audit_log,denied,REVOKED_CREDENTIAL
2025-09-04T15:14:35+01:00,ATT-00973,usr-003,sensor_reading,denied,REVOKED_CREDENTIAL
2025-09-04T20:22:26+01:00,ATT-00705,sns-014,sensor_reading,denied,REVOKED_CREDENTIAL
2025-09-04T21:17:03+01:00,ATT-00214,usr-031,zone_config,denied,REVOKED_CREDENTIAL
2025-09-05T01:40:35+01:00,ATT-00370,sns-048,environmental_record,denied,REVOKED_CREDENTIAL
2025-09-05T04:31:43+01:00,ATT-00957,usr-056,zone_config,denied,REVOKED_CREDENTIAL
2025-09-05T13:59:18+01:00,ATT-00260,sns-002,sensor_reading,denied,REVOKED_CREDENTIAL
2025-09-05T15:45:11+01:00,ATT-00683,usr-082,sensor_reading,denied,REVOKED_CREDENTIAL
2025-09-05T20:10:32+01:00,ATT-00090,sns-035,provenance_log,denied,REVOKED_CREDENTIAL
2025-09-05T22:07:23+01:00,ATT-00155,sns-040,provenance_log,denied,REVOKED_CREDENTIAL
2025-09-06T01:17:34+01:00,ATT-00689,usr-106,environmental_record,denied,REVOKED_CREDENTIAL
2025-09-06T04:25:59+01:00,ATT-00739,usr-043,sensor_reading,denied,REVOKED_CREDENTIAL
2025-09-06T06:51:25+01:00,ATT-00687,usr-001,environmental_record,denied,REVOKED_CREDENTIAL
2025-09-06T06:52:45+01:00,ATT-00714,sns-011,sensor_reading,denied,REVOKED_CREDENTIAL
2025-09-06T10:18:27+01:00,ATT-00504,usr-102,environmental_record,denied,REVOKED_CREDENTIAL
2025-09-06T10:23:29+01:00,ATT-00556,usr-037,sensor_reading,denied,REVOKED_CREDENTIAL
2025-09-06T11:27:31+01:00,ATT-00947,usr-102,environmental_record,denied,REVOKED_CREDENTIAL
2025-09-06T14:22:06+01:00,ATT-00012,usr-031,zone_config,denied,REVOKED_CREDENTIAL
2025-09-06T15:35:36+01:00,ATT-00220,usr-099,provenance_log,denied,REVOKED_CREDENTIAL
2025-09-06T17:45:16+01:00,ATT-00828,sns-007,audit_log,denied,REVOKED_CREDENTIAL
2025-09-06T18:22:17+01:00,ATT-00391,sns-002,environmental_record,denied,REVOKED_CREDENTIAL
2025-09-06T22:19:53+01:00,ATT-00401,sns-005,audit_log,denied,REVOKED_CREDENTIAL
2025-09-06T22:54:27+01:00,ATT-00357,usr-116,sensor_reading,denied,REVOKED_CREDENTIAL
2025-09-07T05:03:08+01:00,ATT-00604,usr-046,provenance_log,denied,REVOKED_CREDENTIAL
2025-09-07T08:56:22+01:00,ATT-00285,sns-005,environmental_record,denied,REVOKED_CREDENTIAL
2025-09-07T10:01:49+01:00,ATT-00919,usr-107,audit_log,denied,REVOKED_CREDENTIAL
2025-09-07T11:06:34+01:00,ATT-00890,usr-107,sensor_reading,denied,REVOKED_CREDENTIAL
2025-09-07T11:27:20+01:00,ATT-00087,usr-034,audit_log,denied,REVOKED_CREDENTIAL
2025-09-07T14:21:58+01:00,ATT-00118,usr-008,sensor_reading,denied,REVOKED_CREDENTIAL
2025-09-07T17:11:22+01:00,ATT-00323,sns-005,audit_log,denied,REVOKED_CREDENTIAL
2025-09-07T17:33:33+01:00,ATT-00195,usr-036,sensor_reading,denied,REVOKED_CREDENTIAL
2025-09-07T18:12:28+01:00,ATT-00474,usr-035,zone_config,denied,REVOKED_CREDENTIAL
2025-09-07T19:43:44+01:00,ATT-00107,sns-028,sensor_reading,denied,REVOKED_CREDENTIAL
2025-09-07T19:58:23+01:00,ATT-00522,sns-002,sensor_reading,denied,REVOKED_CREDENTIAL
2025-09-07T21:58:32+01:00,ATT-00052,usr-029,sensor_reading,denied,REVOKED_CREDENTIAL
2025-09-07T22:16:24+01:00,ATT-00316,usr-099,environmental_record,denied,REVOKED_CREDENTIAL
2025-09-08T01:03:36+01:00,ATT-00854,usr-015,sensor_reading,denied,REVOKED_CREDENTIAL
2025-09-08T03:57:12+01:00,ATT-00378,sns-002,zone_config,denied,REVOKED_CREDENTIAL
2025-09-08T05:13:16+01:00,ATT-00909,usr-102,audit_log,denied,REVOKED_CREDENTIAL
2025-09-08T08:39:35+01:00,ATT-00877,sns-004,audit_log,denied,REVOKED_CREDENTIAL
2025-09-08T10:50:09+01:00,ATT-00886,usr-036,environmental_record,denied,REVOKED_CREDENTIAL
2025-09-08T12:54:03+01:00,ATT-00265,usr-095,environmental_record,denied,REVOKED_CREDENTIAL
2025-09-08T13:12:49+01:00,ATT-00843,usr-095,provenance_log,denied,REVOKED_CREDENTIAL
2025-09-08T15:09:20+01:00,ATT-00172,usr-025,sensor_reading,denied,REVOKED_CREDENTIAL
2025-09-08T18:16:34+01:00,ATT-00495,usr-038,provenance_log,denied,REVOKED_CREDENTIAL
2025-09-08T19:35:48+01:00,ATT-00445,sns-014,zone_config,denied,REVOKED_CREDENTIAL
2025-09-08T21:43:47+01:00,ATT-00679,sns-004,sensor_reading,denied,REVOKED_CREDENTIAL
2025-09-08T22:33:12+01:00,ATT-00710,usr-045,audit_log,denied,REVOKED_CREDENTIAL
2025-09-08T22:42:59+01:00,ATT-00583,sns-040,zone_config,denied,REVOKED_CREDENTIAL
2025-09-08T23:44:37+01:00,ATT-00298,usr-078,sensor_reading,denied,REVOKED_CREDENTIAL
2025-09-09T01:31:15+01:00,ATT-00895,usr-078,zone_config,denied,REVOKED_CREDENTIAL
2025-09-09T01:39:17+01:00,ATT-00218,sns-030,audit_log,denied,REVOKED_CREDENTIAL
2025-09-09T03:53:28+01:00,ATT-00526,usr-012,provenance_log,denied,REVOKED_CREDENTIAL
2025-09-09T05:27:03+01:00,ATT-00205,usr-026,zone_config,denied,REVOKED_CREDENTIAL
2025-09-09T06:31:15+01:00,ATT-00358,usr-078,sensor_reading,denied,REVOKED_CREDENTIAL
2025-09-09T07:47:02+01:00,ATT-00037,usr-058,provenance_log,denied,REVOKED_CREDENTIAL
2025-09-09T09:30:23+01:00,ATT-00641,sns-014,environmental_record,denied,REVOKED_CREDENTIAL
2025-09-09T09:32:27+01:00,ATT-00328,usr-117,environmental_record,denied,REVOKED_CREDENTIAL
2025-09-09T10:18:34+01:00,ATT-00768,usr-011,sensor_reading,denied,REVOKED_CREDENTIAL
2025-09-09T16:19:24+01:00,ATT-00212,usr-028,provenance_log,denied,REVOKED_CREDENTIAL
2025-09-09T16:59:03+01:00,ATT-00028,usr-003,zone_config,denied,REVOKED_CREDENTIAL
2025-09-09T17:56:35+01:00,ATT-00312,usr-078,zone_config,denied,REVOKED_CREDENTIAL
2025-09-09T18:22:37+01:00,ATT-00697,usr-056,environmental_record,denied,REVOKED_CREDENTIAL
2025-09-09T18:49:14+01:00,ATT-00112,sns-005,zone_config,denied,REVOKED_CREDENTIAL
2025-09-09T20:24:15+01:00,ATT-00331,usr-037,zone_config,denied,REVOKED_CREDENTIAL
2025-09-09T22:27:32+01:00,ATT-00002,usr-092,environmental_record,denied,REVOKED_CREDENTIAL
2025-09-09T23:12:13+01:00,ATT-00399,sns-030,sensor_reading,denied,REVOKED_CREDENTIAL
2025-09-10T01:06:01+01:00,ATT-00730,usr-079,zone_config,denied,REVOKED_CREDENTIAL
2025-09-10T03:32:29+01:00,ATT-00362,usr-052,zone_config,denied,REVOKED_CREDENTIAL
2025-09-10T03:39:59+01:00,ATT-00773,sns-014,audit_log,denied,REVOKED_CREDENTIAL
2025-09-10T03:41:32+01:00,ATT-00150,sns-006,provenance_log,denied,REVOKED_CREDENTIAL
2025-09-10T07:56:47+01:00,ATT-00825,sns-003,audit_log,denied,REVOKED_CREDENTIAL
2025-09-10T11:03:25+01:00,ATT-00088,sns-002,sensor_reading,denied,REVOKED_CREDENTIAL
2025-09-10T11:37:29+01:00,ATT-00964,usr-082,zone_config,denied,REVOKED_CREDENTIAL
2025-09-10T14:00:19+01:00,ATT-00191,sns-002,zone_config,denied,REVOKED_CREDENTIAL
2025-09-10T14:57:38+01:00,ATT-00422,usr-117,zone_config,denied,REVOKED_CREDENTIAL
2025-09-10T17:37:14+01:00,ATT-00498,sns-005,audit_log,denied,REVOKED_CREDENTIAL
2025-09-10T19:24:35+01:00,ATT-00967,usr-102,sensor_reading,denied,REVOKED_CREDENTIAL
2025-09-11T04:07:16+01:00,ATT-00252,usr-024,zone_config,denied,REVOKED_CREDENTIAL
2025-09-11T04:19:09+01:00,ATT-00568,sns-048,environmental_record,denied,REVOKED_CREDENTIAL
2025-09-11T05:03:06+01:00,ATT-00026,sns-011,sensor_reading,denied,REVOKED_CREDENTIAL
2025-09-11T07:36:34+01:00,ATT-00848,sns-007,sensor_reading,denied,REVOKED_CREDENTIAL
2025-09-11T08:00:20+01:00,ATT-00799,usr-086,sensor_reading,denied,REVOKED_CREDENTIAL
2025-09-11T09:01:13+01:00,ATT-00289,sns-002,audit_log,denied,REVOKED_CREDENTIAL
2025-09-11T09:07:48+01:00,ATT-00860,usr-081,audit_log,denied,REVOKED_CREDENTIAL
2025-09-11T09:45:09+01:00,ATT-00671,sns-048,sensor_reading,denied,REVOKED_CREDENTIAL
2025-09-11T11:07:12+01:00,ATT-00280,usr-051,sensor_reading,denied,REVOKED_CREDENTIAL
2025-09-11T14:51:49+01:00,ATT-00569,sns-045,zone_config,denied,REVOKED_CREDENTIAL
2025-09-11T16:00:35+01:00,ATT-00006,usr-037,zone_config,denied,REVOKED_CREDENTIAL
2025-09-11T20:56:14+01:00,ATT-00139,usr-111,sensor_reading,denied,REVOKED_CREDENTIAL
2025-09-11T21:01:34+01:00,ATT-00549,usr-048,provenance_log,denied,REVOKED_CREDENTIAL
2025-09-11T21:27:58+01:00,ATT-00130,usr-092,zone_config,denied,REVOKED_CREDENTIAL
2025-09-11T21:53:02+01:00,ATT-00651,usr-043,sensor_reading,denied,REVOKED_CREDENTIAL
2025-09-12T01:42:32+01:00,ATT-00962,usr-070,audit_log,denied,REVOKED_CREDENTIAL
2025-09-12T04:04:08+01:00,ATT-00032,usr-045,sensor_reading,denied,REVOKED_CREDENTIAL
2025-09-12T06:43:16+01:00,ATT-00104,sns-012,zone_config,denied,REVOKED_CREDENTIAL
2025-09-12T08:28:54+01:00,ATT-00157,usr-085,zone_config,denied,REVOKED_CREDENTIAL
2025-09-12T11:37:02+01:00,ATT-00589,sns-006,sensor_reading,denied,REVOKED_CREDENTIAL
2025-09-12T13:27:25+01:00,ATT-00696,sns-011,environmental_record,denied,REVOKED_CREDENTIAL
2025-09-12T13:52:31+01:00,ATT-00669,usr-011,zone_config,denied,REVOKED_CREDENTIAL
2025-09-12T14:02:26+01:00,ATT-00300,usr-049,audit_log,denied,REVOKED_CREDENTIAL
2025-09-12T14:15:15+01:00,ATT-00325,usr-021,sensor_reading,denied,REVOKED_CREDENTIAL
2025-09-13T01:43:34+01:00,ATT-00811,usr-081,provenance_log,denied,REVOKED_CREDENTIAL
2025-09-13T02:51:55+01:00,ATT-00715,usr-051,provenance_log,denied,REVOKED_CREDENTIAL
2025-09-13T07:02:25+01:00,ATT-00693,usr-090,environmental_record,denied,REVOKED_CREDENTIAL
2025-09-13T08:35:24+01:00,ATT-00111,usr-012,zone_config,denied,REVOKED_CREDENTIAL
2025-09-13T14:34:23+01:00,ATT-00135,usr-015,provenance_log,denied,REVOKED_CREDENTIAL
2025-09-13T15:38:31+01:00,ATT-00494,sns-040,zone_config,denied,REVOKED_CREDENTIAL
2025-09-13T15:59:14+01:00,ATT-00038,usr-081,zone_config,denied,REVOKED_CREDENTIAL
2025-09-13T17:03:11+01:00,ATT-00903,usr-015,audit_log,denied,REVOKED_CREDENTIAL
2025-09-13T19:39:10+01:00,ATT-00209,usr-056,zone_config,denied,REVOKED_CREDENTIAL
2025-09-14T06:20:56+01:00,ATT-00240,usr-085,zone_config,denied,REVOKED_CREDENTIAL
2025-09-14T06:51:24+01:00,ATT-00281,sns-011,sensor_reading,denied,REVOKED_CREDENTIAL
2025-09-14T08:33:45+01:00,ATT-00047,usr-105,sensor_reading,denied,REVOKED_CREDENTIAL
2025-09-14T10:30:22+01:00,ATT-00114,sns-048,sensor_reading,denied,REVOKED_CREDENTIAL
2025-09-14T12:12:59+01:00,ATT-00092,usr-082,environmental_record,denied,REVOKED_CREDENTIAL
2025-09-14T14:55:15+01:00,ATT-00943,usr-065,provenance_log,denied,REVOKED_CREDENTIAL
2025-09-14T16:11:35+01:00,ATT-00771,usr-065,sensor_reading,denied,REVOKED_CREDENTIAL
2025-09-14T17:16:27+01:00,ATT-00171,sns-050,zone_config,denied,REVOKED_CREDENTIAL
2025-09-14T18:44:59+01:00,ATT-00099,usr-008,sensor_reading,denied,REVOKED_CREDENTIAL
2025-09-14T19:07:55+01:00,ATT-00869,usr-015,sensor_reading,denied,REVOKED_CREDENTIAL
2025-09-14T23:20:08+01:00,ATT-00346,usr-004,sensor_reading,denied,REVOKED_CREDENTIAL
2025-09-15T02:22:40+01:00,ATT-00685,usr-073,zone_config,denied,REVOKED_CREDENTIAL
2025-09-15T02:38:51+01:00,ATT-00512,sns-041,provenance_log,denied,REVOKED_CREDENTIAL
2025-09-15T03:02:02+01:00,ATT-00707,sns-014,provenance_log,denied,REVOKED_CREDENTIAL
2025-09-15T04:57:14+01:00,ATT-00187,usr-037,zone_config,denied,REVOKED_CREDENTIAL
2025-09-15T05:09:39+01:00,ATT-00915,usr-045,provenance_log,denied,REVOKED_CREDENTIAL
2025-09-15T05:41:51+01:00,ATT-00635,usr-095,sensor_reading,denied,REVOKED_CREDENTIAL
2025-09-15T08:23:41+01:00,ATT-00491,usr-051,zone_config,denied,REVOKED_CREDENTIAL
2025-09-15T08:29:19+01:00,ATT-00210,usr-049,zone_config,denied,REVOKED_CREDENTIAL
2025-09-15T08:30:02+01:00,ATT-00736,usr-046,zone_config,denied,REVOKED_CREDENTIAL
2025-09-15T10:09:34+01:00,ATT-00225,usr-043,zone_config,denied,REVOKED_CREDENTIAL
2025-09-15T10:49:00+01:00,ATT-00619,usr-026,environmental_record,denied,REVOKED_CREDENTIAL
2025-09-15T10:59:32+01:00,ATT-00027,sns-050,provenance_log,denied,REVOKED_CREDENTIAL
2025-09-15T11:17:03+01:00,ATT-00682,usr-117,provenance_log,denied,REVOKED_CREDENTIAL
2025-09-15T11:57:12+01:00,ATT-00234,usr-073,zone_config,denied,REVOKED_CREDENTIAL
2025-09-15T15:50:26+01:00,ATT-00816,usr-089,provenance_log,denied,REVOKED_CREDENTIAL
2025-09-15T16:28:27+01:00,ATT-00602,usr-098,zone_config,denied,REVOKED_CREDENTIAL
2025-09-15T16:35:07+01:00,ATT-00176,usr-092,zone_config,denied,REVOKED_CREDENTIAL
2025-09-15T18:45:28+01:00,ATT-00861,usr-012,zone_config,denied,REVOKED_CREDENTIAL
2025-09-15T19:14:51+01:00,ATT-00266,usr-001,zone_config,denied,REVOKED_CREDENTIAL
2025-09-15T20:19:36+01:00,ATT-00009,usr-085,provenance_log,denied,REVOKED_CREDENTIAL
2025-09-15T21:40:51+01:00,ATT-00704,usr-097,environmental_record,denied,REVOKED_CREDENTIAL
2025-09-16T04:09:20+01:00,ATT-00625,usr-076,zone_config,denied,REVOKED_CREDENTIAL
2025-09-16T04:09:41+01:00,ATT-00699,usr-105,audit_log,denied,REVOKED_CREDENTIAL
2025-09-16T04:20:30+01:00,ATT-00629,usr-053,audit_log,denied,REVOKED_CREDENTIAL
2025-09-16T04:28:08+01:00,ATT-00776,usr-094,sensor_reading,denied,REVOKED_CREDENTIAL
2025-09-16T04:51:00+01:00,ATT-00082,usr-015,environmental_record,denied,REVOKED_CREDENTIAL
2025-09-16T05:15:42+01:00,ATT-00162,sns-041,sensor_reading,denied,REVOKED_CREDENTIAL
2025-09-16T08:14:46+01:00,ATT-00642,sns-044,sensor_reading,denied,REVOKED_CREDENTIAL
2025-09-16T11:04:33+01:00,ATT-00924,usr-087,sensor_reading,denied,REVOKED_CREDENTIAL
2025-09-16T12:09:40+01:00,ATT-00175,sns-011,environmental_record,denied,REVOKED_CREDENTIAL
2025-09-16T14:09:12+01:00,ATT-00590,sns-002,zone_config,denied,REVOKED_CREDENTIAL
2025-09-16T14:56:40+01:00,ATT-00243,usr-082,sensor_reading,denied,REVOKED_CREDENTIAL
2025-09-16T14:59:47+01:00,ATT-00239,usr-031,sensor_reading,denied,REVOKED_CREDENTIAL
2025-09-16T15:43:00+01:00,ATT-00564,usr-107,audit_log,denied,REVOKED_CREDENTIAL
2025-09-16T16:42:28+01:00,ATT-00815,usr-025,zone_config,denied,REVOKED_CREDENTIAL
2025-09-16T20:46:16+01:00,ATT-00645,usr-004,zone_config,denied,REVOKED_CREDENTIAL
2025-09-16T22:10:47+01:00,ATT-00301,usr-008,sensor_reading,denied,REVOKED_CREDENTIAL
2025-09-17T00:31:04+01:00,ATT-00834,usr-037,sensor_reading,denied,REVOKED_CREDENTIAL
2025-09-17T00:34:39+01:00,ATT-00177,usr-026,zone_config,denied,REVOKED_CREDENTIAL
2025-09-17T01:31:18+01:00,ATT-00113,usr-048,sensor_reading,denied,REVOKED_CREDENTIAL
2025-09-17T02:24:33+01:00,ATT-00500,usr-087,zone_config,denied,REVOKED_CREDENTIAL
2025-09-17T02:43:08+01:00,ATT-00433,usr-025,provenance_log,denied,REVOKED_CREDENTIAL
2025-09-17T04:11:00+01:00,ATT-00527,usr-070,environmental_record,denied,REVOKED_CREDENTIAL
2025-09-17T04:46:41+01:00,ATT-00541,usr-055,audit_log,denied,REVOKED_CREDENTIAL
2025-09-17T08:24:30+01:00,ATT-00376,usr-035,sensor_reading,denied,REVOKED_CREDENTIAL
2025-09-17T08:39:37+01:00,ATT-00874,usr-035,sensor_reading,denied,REVOKED_CREDENTIAL
2025-09-17T09:47:40+01:00,ATT-00367,usr-066,environmental_record,denied,REVOKED_CREDENTIAL
2025-09-17T09:49:28+01:00,ATT-00385,usr-001,sensor_reading,denied,REVOKED_CREDENTIAL
2025-09-17T10:13:01+01:00,ATT-00449,usr-025,sensor_reading,denied,REVOKED_CREDENTIAL
2025-09-17T11:31:21+01:00,ATT-00713,usr-076,zone_config,denied,REVOKED_CREDENTIAL
2025-09-17T13:08:44+01:00,ATT-00514,sns-025,zone_config,denied,REVOKED_CREDENTIAL
2025-09-17T15:40:23+01:00,ATT-00156,usr-003,sensor_reading,denied,REVOKED_CREDENTIAL
2025-09-17T16:39:00+01:00,ATT-00309,usr-051,provenance_log,denied,REVOKED_CREDENTIAL
2025-09-17T17:10:37+01:00,ATT-00219,sns-044,sensor_reading,denied,REVOKED_CREDENTIAL
2025-09-17T18:44:00+01:00,ATT-00938,usr-048,sensor_reading,denied,REVOKED_CREDENTIAL
2025-09-17T19:18:43+01:00,ATT-00916,usr-025,environmental_record,denied,REVOKED_CREDENTIAL
2025-09-17T19:46:32+01:00,ATT-00197,sns-050,zone_config,denied,REVOKED_CREDENTIAL
2025-09-17T20:53:27+01:00,ATT-00179,usr-106,zone_config,denied,REVOKED_CREDENTIAL
2025-09-17T23:21:11+01:00,ATT-00293,usr-092,zone_config,denied,REVOKED_CREDENTIAL
2025-09-17T23:51:00+01:00,ATT-00939,usr-013,sensor_reading,denied,REVOKED_CREDENTIAL
2025-09-18T01:45:04+01:00,ATT-00255,usr-087,audit_log,denied,REVOKED_CREDENTIAL
2025-09-18T01:50:42+01:00,ATT-00339,usr-105,provenance_log,denied,REVOKED_CREDENTIAL
2025-09-18T02:29:24+01:00,ATT-00856,sns-050,audit_log,denied,REVOKED_CREDENTIAL
2025-09-18T02:40:02+01:00,ATT-00580,usr-092,zone_config,denied,REVOKED_CREDENTIAL
2025-09-18T04:50:21+01:00,ATT-00804,usr-117,audit_log,denied,REVOKED_CREDENTIAL
2025-09-18T05:26:22+01:00,ATT-00203,usr-087,zone_config,denied,REVOKED_CREDENTIAL
2025-09-18T05:55:56+01:00,ATT-00810,usr-015,sensor_reading,denied,REVOKED_CREDENTIAL
2025-09-18T07:33:32+01:00,ATT-00866,sns-014,sensor_reading,denied,REVOKED_CREDENTIAL
2025-09-18T08:21:51+01:00,ATT-00847,usr-065,environmental_record,denied,REVOKED_CREDENTIAL
2025-09-18T08:28:34+01:00,ATT-00198,usr-105,audit_log,denied,REVOKED_CREDENTIAL
2025-09-18T09:51:35+01:00,ATT-00503,sns-048,sensor_reading,denied,REVOKED_CREDENTIAL
2025-09-18T12:16:51+01:00,ATT-00743,usr-013,zone_config,denied,REVOKED_CREDENTIAL
2025-09-18T13:50:14+01:00,ATT-00268,usr-055,zone_config,denied,REVOKED_CREDENTIAL
2025-09-18T14:26:03+01:00,ATT-00029,usr-098,sensor_reading,denied,REVOKED_CREDENTIAL
2025-09-18T14:58:18+01:00,ATT-00574,usr-024,sensor_reading,denied,REVOKED_CREDENTIAL
2025-09-18T15:02:07+01:00,ATT-00787,sns-011,environmental_record,denied,REVOKED_CREDENTIAL
2025-09-18T18:57:43+01:00,ATT-00702,sns-050,provenance_log,denied,REVOKED_CREDENTIAL
2025-09-18T20:24:09+01:00,ATT-00264,usr-070,zone_config,denied,REVOKED_CREDENTIAL
2025-09-18T23:16:17+01:00,ATT-00692,usr-065,environmental_record,denied,REVOKED_CREDENTIAL
2025-09-19T00:42:36+01:00,ATT-00185,usr-087,provenance_log,denied,REVOKED_CREDENTIAL
2025-09-19T00:51:25+01:00,ATT-00437,usr-078,zone_config,denied,REVOKED_CREDENTIAL
2025-09-19T03:53:16+01:00,ATT-00079,sns-050,provenance_log,denied,REVOKED_CREDENTIAL
2025-09-19T04:32:49+01:00,ATT-00141,usr-117,zone_config,denied,REVOKED_CREDENTIAL
2025-09-19T06:55:08+01:00,ATT-00064,usr-098,sensor_reading,denied,REVOKED_CREDENTIAL
2025-09-19T10:10:10+01:00,ATT-00785,sns-004,provenance_log,denied,REVOKED_CREDENTIAL
2025-09-19T10:20:23+01:00,ATT-00137,usr-028,zone_config,denied,REVOKED_CREDENTIAL
2025-09-19T11:11:28+01:00,ATT-00867,usr-087,zone_config,denied,REVOKED_CREDENTIAL
2025-09-19T12:34:25+01:00,ATT-00870,usr-081,zone_config,denied,REVOKED_CREDENTIAL
2025-09-19T12:42:50+01:00,ATT-00621,usr-003,environmental_record,denied,REVOKED_CREDENTIAL
2025-09-19T12:54:20+01:00,ATT-00603,usr-028,zone_config,denied,REVOKED_CREDENTIAL
2025-09-19T13:40:11+01:00,ATT-00275,usr-025,environmental_record,denied,REVOKED_CREDENTIAL
2025-09-19T13:59:00+01:00,ATT-00117,usr-085,zone_config,denied,REVOKED_CREDENTIAL
2025-09-19T15:00:30+01:00,ATT-00416,sns-035,environmental_record,denied,REVOKED_CREDENTIAL
2025-09-19T16:21:20+01:00,ATT-00465,sns-002,zone_config,denied,REVOKED_CREDENTIAL
2025-09-19T16:57:23+01:00,ATT-00319,sns-045,sensor_reading,denied,REVOKED_CREDENTIAL
2025-09-19T17:17:49+01:00,ATT-00044,usr-055,zone_config,denied,REVOKED_CREDENTIAL
2025-09-19T17:28:01+01:00,ATT-00600,usr-046,zone_config,denied,REVOKED_CREDENTIAL
2025-09-19T19:58:57+01:00,ATT-00729,usr-012,environmental_record,denied,REVOKED_CREDENTIAL
2025-09-19T20:00:22+01:00,ATT-00077,usr-109,provenance_log,denied,REVOKED_CREDENTIAL
2025-09-19T20:04:42+01:00,ATT-00081,sns-004,audit_log,denied,REVOKED_CREDENTIAL
2025-09-19T21:00:59+01:00,ATT-00287,sns-007,environmental_record,denied,REVOKED_CREDENTIAL
2025-09-19T21:16:13+01:00,ATT-00970,usr-008,sensor_reading,denied,REVOKED_CREDENTIAL
2025-09-20T00:26:04+01:00,ATT-00770,usr-025,environmental_record,denied,REVOKED_CREDENTIAL
2025-09-20T00:30:48+01:00,ATT-00451,usr-066,environmental_record,denied,REVOKED_CREDENTIAL
2025-09-20T00:53:23+01:00,ATT-00807,sns-030,provenance_log,denied,REVOKED_CREDENTIAL
2025-09-20T01:11:37+01:00,ATT-00158,sns-040,provenance_log,denied,REVOKED_CREDENTIAL
2025-09-20T01:18:18+01:00,ATT-00379,usr-056,sensor_reading,denied,REVOKED_CREDENTIAL
2025-09-20T04:22:30+01:00,ATT-00383,usr-026,zone_config,denied,REVOKED_CREDENTIAL
2025-09-20T04:35:24+01:00,ATT-00936,sns-012,audit_log,denied,REVOKED_CREDENTIAL
2025-09-20T08:28:40+01:00,ATT-00896,usr-021,zone_config,denied,REVOKED_CREDENTIAL
2025-09-20T08:31:47+01:00,ATT-00493,sns-035,zone_config,denied,REVOKED_CREDENTIAL
2025-09-20T14:32:59+01:00,ATT-00485,sns-048,zone_config,denied,REVOKED_CREDENTIAL
2025-09-20T17:39:33+01:00,ATT-00206,sns-041,sensor_reading,denied,REVOKED_CREDENTIAL
2025-09-20T18:31:47+01:00,ATT-00520,sns-050,environmental_record,denied,REVOKED_CREDENTIAL
2025-09-20T18:39:18+01:00,ATT-00199,usr-040,provenance_log,denied,REVOKED_CREDENTIAL
2025-09-20T19:34:13+01:00,ATT-00269,sns-044,sensor_reading,denied,REVOKED_CREDENTIAL
2025-09-20T20:29:08+01:00,ATT-00757,usr-030,audit_log,denied,REVOKED_CREDENTIAL
2025-09-20T20:45:48+01:00,ATT-00576,usr-119,sensor_reading,denied,REVOKED_CREDENTIAL
2025-09-20T21:34:44+01:00,ATT-00258,usr-011,zone_config,denied,REVOKED_CREDENTIAL
2025-09-20T22:22:26+01:00,ATT-00954,usr-078,zone_config,denied,REVOKED_CREDENTIAL
2025-09-20T23:33:04+01:00,ATT-00630,usr-095,sensor_reading,denied,REVOKED_CREDENTIAL
2025-09-20T23:39:38+01:00,ATT-00631,usr-111,audit_log,denied,REVOKED_CREDENTIAL
2025-09-21T01:18:28+01:00,ATT-00872,usr-099,sensor_reading,denied,REVOKED_CREDENTIAL
2025-09-21T01:27:24+01:00,ATT-00657,usr-040,audit_log,denied,REVOKED_CREDENTIAL
2025-09-21T01:57:42+01:00,ATT-00022,usr-023,zone_config,denied,REVOKED_CREDENTIAL
2025-09-21T02:35:23+01:00,ATT-00667,usr-106,sensor_reading,denied,REVOKED_CREDENTIAL
2025-09-21T02:37:04+01:00,ATT-00085,usr-019,zone_config,denied,REVOKED_CREDENTIAL
2025-09-21T02:45:39+01:00,ATT-00744,sns-040,audit_log,denied,REVOKED_CREDENTIAL
2025-09-21T03:06:59+01:00,ATT-00680,usr-030,zone_config,denied,REVOKED_CREDENTIAL
2025-09-21T03:26:19+01:00,ATT-00284,usr-040,sensor_reading,denied,REVOKED_CREDENTIAL
2025-09-21T03:37:36+01:00,ATT-00878,sns-003,sensor_reading,denied,REVOKED_CREDENTIAL
2025-09-21T03:48:09+01:00,ATT-00286,usr-085,sensor_reading,denied,REVOKED_CREDENTIAL
2025-09-21T03:48:13+01:00,ATT-00502,usr-120,provenance_log,denied,REVOKED_CREDENTIAL
2025-09-21T04:04:25+01:00,ATT-00606,usr-056,zone_config,denied,REVOKED_CREDENTIAL
2025-09-21T04:11:18+01:00,ATT-00670,usr-040,zone_config,denied,REVOKED_CREDENTIAL
2025-09-21T05:08:16+01:00,ATT-00016,usr-066,zone_config,denied,REVOKED_CREDENTIAL
2025-09-21T05:32:33+01:00,ATT-00766,usr-030,zone_config,denied,REVOKED_CREDENTIAL
2025-09-21T06:03:59+01:00,ATT-00965,usr-030,zone_config,denied,REVOKED_CREDENTIAL
2025-09-21T06:48:49+01:00,ATT-00023,usr-105,sensor_reading,denied,REVOKED_CREDENTIAL
2025-09-21T07:27:29+01:00,ATT-00902,sns-028,sensor_reading,denied,REVOKED_CREDENTIAL
2025-09-21T08:00:48+01:00,ATT-00889,usr-066,sensor_reading,denied,REVOKED_CREDENTIAL
2025-09-21T08:18:59+01:00,ATT-00417,usr-008,audit_log,denied,REVOKED_CREDENTIAL
2025-09-21T09:34:22+01:00,ATT-00911,usr-112,environmental_record,denied,REVOKED_CREDENTIAL
2025-09-21T09:44:35+01:00,ATT-00560,usr-024,environmental_record,denied,REVOKED_CREDENTIAL
2025-09-21T09:54:44+01:00,ATT-00115,sns-045,sensor_reading,denied,REVOKED_CREDENTIAL
2025-09-21T10:24:12+01:00,ATT-00003,usr-087,provenance_log,denied,REVOKED_CREDENTIAL
2025-09-21T10:42:38+01:00,ATT-00001,usr-047,zone_config,denied,REVOKED_CREDENTIAL
2025-09-21T11:23:09+01:00,ATT-00207,usr-023,sensor_reading,denied,REVOKED_CREDENTIAL
2025-09-21T11:37:06+01:00,ATT-00530,sns-036,zone_config,denied,REVOKED_CREDENTIAL
2025-09-21T12:00:13+01:00,ATT-00637,usr-016,environmental_record,denied,REVOKED_CREDENTIAL
2025-09-21T12:26:56+01:00,ATT-00852,usr-114,sensor_reading,denied,REVOKED_CREDENTIAL
2025-09-21T12:35:24+01:00,ATT-00145,usr-065,sensor_reading,denied,REVOKED_CREDENTIAL
2025-09-21T12:53:30+01:00,ATT-00660,usr-023,environmental_record,denied,REVOKED_CREDENTIAL
2025-09-21T14:36:54+01:00,ATT-00068,usr-030,zone_config,denied,REVOKED_CREDENTIAL
2025-09-21T14:41:14+01:00,ATT-00008,usr-114,provenance_log,denied,REVOKED_CREDENTIAL
2025-09-21T14:41:45+01:00,ATT-00351,sns-025,sensor_reading,denied,REVOKED_CREDENTIAL
2025-09-21T14:50:50+01:00,ATT-00310,usr-076,zone_config,denied,REVOKED_CREDENTIAL
2025-09-21T15:30:56+01:00,ATT-00607,sns-024,provenance_log,denied,REVOKED_CREDENTIAL
2025-09-21T16:02:18+01:00,ATT-00678,sns-029,zone_config,denied,REVOKED_CREDENTIAL
2025-09-21T16:50:32+01:00,ATT-00694,sns-028,provenance_log,denied,REVOKED_CREDENTIAL
2025-09-21T17:37:47+01:00,ATT-00968,usr-061,zone_config,denied,REVOKED_CREDENTIAL
2025-09-21T19:48:11+01:00,ATT-00051,sns-034,zone_config,denied,REVOKED_CREDENTIAL
2025-09-21T19:49:11+01:00,ATT-00668,usr-114,audit_log,denied,REVOKED_CREDENTIAL
2025-09-21T19:54:02+01:00,ATT-00818,usr-038,audit_log,denied,REVOKED_CREDENTIAL
2025-09-21T20:08:14+01:00,ATT-00732,usr-012,zone_config,denied,REVOKED_CREDENTIAL
2025-09-21T20:16:29+01:00,ATT-00579,usr-037,environmental_record,denied,REVOKED_CREDENTIAL
2025-09-21T20:18:45+01:00,ATT-00596,usr-023,zone_config,denied,REVOKED_CREDENTIAL
2025-09-21T21:18:26+01:00,ATT-00045,usr-023,sensor_reading,denied,REVOKED_CREDENTIAL
2025-09-21T21:22:49+01:00,ATT-00296,usr-002,provenance_log,denied,REVOKED_CREDENTIAL
2025-09-21T22:13:00+01:00,ATT-00148,sns-044,provenance_log,denied,REVOKED_CREDENTIAL
2025-09-21T22:15:33+01:00,ATT-00226,usr-025,zone_config,denied,REVOKED_CREDENTIAL
2025-09-21T22:18:56+01:00,ATT-00632,usr-112,environmental_record,denied,REVOKED_CREDENTIAL
2025-09-21T22:25:26+01:00,ATT-00779,usr-087,zone_config,denied,REVOKED_CREDENTIAL
2025-09-21T22:32:45+01:00,ATT-00851,usr-075,sensor_reading,denied,REVOKED_CREDENTIAL
2025-09-21T23:42:04+01:00,ATT-00961,usr-066,sensor_reading,denied,REVOKED_CREDENTIAL
2025-09-21T23:46:03+01:00,ATT-00132,usr-055,zone_config,denied,REVOKED_CREDENTIAL
2025-09-22T00:35:56+01:00,ATT-00718,sns-011,provenance_log,denied,REVOKED_CREDENTIAL
2025-09-22T03:03:20+01:00,ATT-00622,sns-031,sensor_reading,denied,REVOKED_CREDENTIAL
2025-09-22T04:31:04+01:00,ATT-00955,usr-037,audit_log,denied,REVOKED_CREDENTIAL
2025-09-22T05:31:26+01:00,ATT-00794,usr-086,zone_config,denied,REVOKED_CREDENTIAL
2025-09-22T05:51:35+01:00,ATT-00552,usr-017,audit_log,denied,REVOKED_CREDENTIAL
2025-09-22T06:26:05+01:00,ATT-00675,usr-039,provenance_log,denied,REVOKED_CREDENTIAL
2025-09-22T07:02:43+01:00,ATT-00011,usr-022,zone_config,denied,REVOKED_CREDENTIAL
2025-09-22T07:20:46+01:00,ATT-00308,sns-034,environmental_record,denied,REVOKED_CREDENTIAL
2025-09-22T07:33:30+01:00,ATT-00361,usr-002,provenance_log,denied,REVOKED_CREDENTIAL
2025-09-22T07:41:27+01:00,ATT-00469,usr-063,sensor_reading,denied,REVOKED_CREDENTIAL
2025-09-22T08:15:04+01:00,ATT-00318,usr-016,zone_config,denied,REVOKED_CREDENTIAL
2025-09-22T08:15:56+01:00,ATT-00134,usr-120,zone_config,denied,REVOKED_CREDENTIAL
2025-09-22T08:22:44+01:00,ATT-00041,sns-031,sensor_reading,denied,REVOKED_CREDENTIAL
2025-09-22T09:02:23+01:00,ATT-00364,usr-078,environmental_record,denied,REVOKED_CREDENTIAL
2025-09-22T09:59:49+01:00,ATT-00447,sns-041,zone_config,denied,REVOKED_CREDENTIAL
2025-09-22T10:16:40+01:00,ATT-00588,usr-037,zone_config,denied,REVOKED_CREDENTIAL
2025-09-22T10:40:57+01:00,ATT-00798,usr-047,zone_config,denied,REVOKED_CREDENTIAL
2025-09-22T11:20:54+01:00,ATT-00538,usr-087,sensor_reading,denied,REVOKED_CREDENTIAL
2025-09-22T11:41:57+01:00,ATT-00753,usr-054,provenance_log,denied,REVOKED_CREDENTIAL
2025-09-22T11:52:43+01:00,ATT-00659,sns-032,provenance_log,denied,REVOKED_CREDENTIAL
2025-09-22T13:33:27+01:00,ATT-00783,sns-034,audit_log,denied,REVOKED_CREDENTIAL
2025-09-22T13:50:55+01:00,ATT-00124,usr-100,zone_config,denied,REVOKED_CREDENTIAL
2025-09-22T14:25:58+01:00,ATT-00356,sns-004,sensor_reading,denied,REVOKED_CREDENTIAL
2025-09-22T14:36:15+01:00,ATT-00553,sns-029,sensor_reading,denied,REVOKED_CREDENTIAL
2025-09-22T15:34:50+01:00,ATT-00497,sns-003,environmental_record,denied,REVOKED_CREDENTIAL
2025-09-22T16:22:45+01:00,ATT-00387,usr-085,provenance_log,denied,REVOKED_CREDENTIAL
2025-09-22T16:32:44+01:00,ATT-00519,sns-024,audit_log,denied,REVOKED_CREDENTIAL
2025-09-22T16:46:56+01:00,ATT-00840,usr-019,zone_config,denied,REVOKED_CREDENTIAL
2025-09-22T18:03:26+01:00,ATT-00529,usr-119,provenance_log,denied,REVOKED_CREDENTIAL
2025-09-22T18:17:50+01:00,ATT-00755,usr-024,zone_config,denied,REVOKED_CREDENTIAL
2025-09-22T18:18:41+01:00,ATT-00796,sns-041,zone_config,denied,REVOKED_CREDENTIAL
2025-09-22T19:15:39+01:00,ATT-00929,usr-072,zone_config,denied,REVOKED_CREDENTIAL
2025-09-22T19:35:41+01:00,ATT-00786,usr-072,provenance_log,denied,REVOKED_CREDENTIAL
2025-09-22T20:35:11+01:00,ATT-00103,usr-112,audit_log,denied,REVOKED_CREDENTIAL
2025-09-22T20:56:27+01:00,ATT-00528,usr-054,provenance_log,denied,REVOKED_CREDENTIAL
2025-09-22T21:32:45+01:00,ATT-00338,usr-009,zone_config,denied,REVOKED_CREDENTIAL
2025-09-22T22:34:22+01:00,ATT-00432,sns-026,environmental_record,denied,REVOKED_CREDENTIAL
2025-09-22T22:58:51+01:00,ATT-00540,usr-063,provenance_log,denied,REVOKED_CREDENTIAL
2025-09-22T23:29:39+01:00,ATT-00881,usr-003,audit_log,denied,REVOKED_CREDENTIAL
2025-09-23T01:14:00+01:00,ATT-00438,usr-009,sensor_reading,denied,REVOKED_CREDENTIAL
2025-09-23T01:20:32+01:00,ATT-00638,usr-086,environmental_record,denied,REVOKED_CREDENTIAL
2025-09-23T02:02:46+01:00,ATT-00326,usr-077,sensor_reading,denied,REVOKED_CREDENTIAL
2025-09-23T02:04:45+01:00,ATT-00360,usr-055,environmental_record,denied,REVOKED_CREDENTIAL
2025-09-23T02:07:19+01:00,ATT-00515,usr-003,environmental_record,denied,REVOKED_CREDENTIAL
2025-09-23T03:10:19+01:00,ATT-00202,usr-070,provenance_log,denied,REVOKED_CREDENTIAL
2025-09-23T04:00:29+01:00,ATT-00299,usr-011,sensor_reading,denied,REVOKED_CREDENTIAL
2025-09-23T04:09:24+01:00,ATT-00647,sns-036,audit_log,denied,REVOKED_CREDENTIAL
2025-09-23T04:26:18+01:00,ATT-00885,usr-090,sensor_reading,denied,REVOKED_CREDENTIAL
2025-09-23T05:08:03+01:00,ATT-00676,sns-025,audit_log,denied,REVOKED_CREDENTIAL
2025-09-23T05:10:14+01:00,ATT-00833,usr-054,zone_config,denied,REVOKED_CREDENTIAL
2025-09-23T05:23:20+01:00,ATT-00812,sns-025,provenance_log,denied,REVOKED_CREDENTIAL
2025-09-23T05:30:30+01:00,ATT-00263,usr-022,sensor_reading,denied,REVOKED_CREDENTIAL
2025-09-23T05:39:10+01:00,ATT-00858,usr-012,sensor_reading,denied,REVOKED_CREDENTIAL
2025-09-23T05:54:08+01:00,ATT-00789,usr-087,environmental_record,denied,REVOKED_CREDENTIAL
2025-09-23T05:58:54+01:00,ATT-00646,sns-019,provenance_log,denied,REVOKED_CREDENTIAL
2025-09-23T06:07:51+01:00,ATT-00405,usr-011,zone_config,denied,REVOKED_CREDENTIAL
2025-09-23T06:37:12+01:00,ATT-00406,usr-055,zone_config,denied,REVOKED_CREDENTIAL
2025-09-23T06:48:39+01:00,ATT-00832,sns-031,audit_log,denied,REVOKED_CREDENTIAL
2025-09-23T06:53:01+01:00,ATT-00633,sns-021,sensor_reading,denied,REVOKED_CREDENTIAL
2025-09-23T06:59:06+01:00,ATT-00036,sns-024,sensor_reading,denied,REVOKED_CREDENTIAL
2025-09-23T08:28:33+01:00,ATT-00042,usr-073,environmental_record,denied,REVOKED_CREDENTIAL
2025-09-23T08:57:54+01:00,ATT-00592,sns-026,audit_log,denied,REVOKED_CREDENTIAL
2025-09-23T09:17:24+01:00,ATT-00551,usr-120,zone_config,denied,REVOKED_CREDENTIAL
2025-09-23T09:18:04+01:00,ATT-00329,sns-019,sensor_reading,denied,REVOKED_CREDENTIAL
2025-09-23T10:44:51+01:00,ATT-00306,usr-022,sensor_reading,denied,REVOKED_CREDENTIAL
2025-09-23T11:02:56+01:00,ATT-00912,usr-081,sensor_reading,denied,REVOKED_CREDENTIAL
2025-09-23T11:53:12+01:00,ATT-00654,sns-024,sensor_reading,denied,REVOKED_CREDENTIAL
2025-09-23T12:48:13+01:00,ATT-00063,sns-042,zone_config,denied,REVOKED_CREDENTIAL
2025-09-23T13:29:51+01:00,ATT-00940,sns-035,sensor_reading,denied,REVOKED_CREDENTIAL
2025-09-23T15:08:42+01:00,ATT-00555,usr-031,sensor_reading,denied,REVOKED_CREDENTIAL
2025-09-23T16:17:27+01:00,ATT-00446,usr-021,provenance_log,denied,REVOKED_CREDENTIAL
2025-09-23T16:50:21+01:00,ATT-00204,usr-039,sensor_reading,denied,REVOKED_CREDENTIAL
2025-09-23T17:09:19+01:00,ATT-00071,sns-012,environmental_record,denied,REVOKED_CREDENTIAL
2025-09-23T17:38:13+01:00,ATT-00250,sns-020,audit_log,denied,REVOKED_CREDENTIAL
2025-09-23T18:23:46+01:00,ATT-00735,usr-099,sensor_reading,denied,REVOKED_CREDENTIAL
2025-09-23T18:31:36+01:00,ATT-00421,usr-076,sensor_reading,denied,REVOKED_CREDENTIAL
2025-09-23T18:34:33+01:00,ATT-00425,usr-030,environmental_record,denied,REVOKED_CREDENTIAL
2025-09-23T19:52:49+01:00,ATT-00914,usr-046,audit_log,denied,REVOKED_CREDENTIAL
2025-09-23T21:04:09+01:00,ATT-00222,usr-058,provenance_log,denied,REVOKED_CREDENTIAL
2025-09-23T21:11:30+01:00,ATT-00365,usr-114,audit_log,denied,REVOKED_CREDENTIAL
2025-09-23T22:15:16+01:00,ATT-00923,usr-119,zone_config,denied,REVOKED_CREDENTIAL
2025-09-23T23:22:10+01:00,ATT-00855,usr-114,zone_config,denied,REVOKED_CREDENTIAL
2025-09-23T23:34:28+01:00,ATT-00034,sns-038,zone_config,denied,REVOKED_CREDENTIAL
2025-09-24T00:33:06+01:00,ATT-00698,usr-104,audit_log,denied,REVOKED_CREDENTIAL
2025-09-24T00:37:52+01:00,ATT-00483,sns-023,sensor_reading,denied,REVOKED_CREDENTIAL
2025-09-24T01:13:10+01:00,ATT-00164,usr-009,sensor_reading,denied,REVOKED_CREDENTIAL
2025-09-24T01:25:24+01:00,ATT-00614,sns-045,zone_config,denied,REVOKED_CREDENTIAL
2025-09-24T01:46:22+01:00,ATT-00253,usr-054,sensor_reading,denied,REVOKED_CREDENTIAL
2025-09-24T02:11:40+01:00,ATT-00928,sns-020,environmental_record,denied,REVOKED_CREDENTIAL
2025-09-24T02:50:35+01:00,ATT-00905,usr-019,sensor_reading,denied,REVOKED_CREDENTIAL
2025-09-24T04:25:03+01:00,ATT-00116,usr-100,sensor_reading,denied,REVOKED_CREDENTIAL
2025-09-24T04:31:40+01:00,ATT-00839,usr-065,provenance_log,denied,REVOKED_CREDENTIAL
2025-09-24T04:32:39+01:00,ATT-00174,sns-035,environmental_record,denied,REVOKED_CREDENTIAL
2025-09-24T04:39:10+01:00,ATT-00842,usr-009,zone_config,denied,REVOKED_CREDENTIAL
2025-09-24T04:52:14+01:00,ATT-00057,usr-100,audit_log,denied,REVOKED_CREDENTIAL
2025-09-24T05:04:18+01:00,ATT-00711,sns-004,zone_config,denied,REVOKED_CREDENTIAL
2025-09-24T05:19:40+01:00,ATT-00762,usr-041,provenance_log,denied,REVOKED_CREDENTIAL
2025-09-24T05:22:53+01:00,ATT-00065,usr-039,zone_config,denied,REVOKED_CREDENTIAL
2025-09-24T05:43:38+01:00,ATT-00624,sns-050,provenance_log,denied,REVOKED_CREDENTIAL
2025-09-24T05:52:19+01:00,ATT-00163,usr-002,sensor_reading,denied,REVOKED_CREDENTIAL
2025-09-24T06:44:21+01:00,ATT-00025,usr-112,sensor_reading,denied,REVOKED_CREDENTIAL
2025-09-24T07:46:55+01:00,ATT-00059,sns-028,zone_config,denied,REVOKED_CREDENTIAL
2025-09-24T07:50:11+01:00,ATT-00922,usr-002,environmental_record,denied,REVOKED_CREDENTIAL
2025-09-24T07:51:23+01:00,ATT-00750,usr-001,zone_config,denied,REVOKED_CREDENTIAL
2025-09-24T07:57:36+01:00,ATT-00340,sns-025,environmental_record,denied,REVOKED_CREDENTIAL
2025-09-24T08:06:21+01:00,ATT-00040,usr-030,sensor_reading,denied,REVOKED_CREDENTIAL
2025-09-24T08:38:20+01:00,ATT-00550,sns-030,zone_config,denied,REVOKED_CREDENTIAL
2025-09-24T08:38:44+01:00,ATT-00046,usr-037,sensor_reading,denied,REVOKED_CREDENTIAL
2025-09-24T08:40:33+01:00,ATT-00542,sns-019,audit_log,denied,REVOKED_CREDENTIAL
2025-09-24T08:41:01+01:00,ATT-00188,sns-026,sensor_reading,denied,REVOKED_CREDENTIAL
2025-09-24T09:21:56+01:00,ATT-00170,sns-048,zone_config,denied,REVOKED_CREDENTIAL
2025-09-24T09:37:35+01:00,ATT-00228,sns-047,zone_config,denied,REVOKED_CREDENTIAL
2025-09-24T10:23:00+01:00,ATT-00585,sns-037,provenance_log,denied,REVOKED_CREDENTIAL
2025-09-24T10:26:56+01:00,ATT-00242,usr-047,sensor_reading,denied,REVOKED_CREDENTIAL
2025-09-24T10:28:22+01:00,ATT-00056,usr-043,zone_config,denied,REVOKED_CREDENTIAL
2025-09-24T10:39:54+01:00,ATT-00784,sns-043,sensor_reading,denied,REVOKED_CREDENTIAL
2025-09-24T12:03:35+01:00,ATT-00069,usr-063,sensor_reading,denied,REVOKED_CREDENTIAL
2025-09-24T12:06:29+01:00,ATT-00591,usr-047,sensor_reading,denied,REVOKED_CREDENTIAL
2025-09-24T12:17:36+01:00,ATT-00892,usr-061,provenance_log,denied,REVOKED_CREDENTIAL
2025-09-24T12:21:00+01:00,ATT-00394,usr-016,sensor_reading,denied,REVOKED_CREDENTIAL
2025-09-24T13:00:55+01:00,ATT-00663,usr-030,zone_config,denied,REVOKED_CREDENTIAL
2025-09-24T13:17:22+01:00,ATT-00388,usr-105,zone_config,denied,REVOKED_CREDENTIAL
2025-09-24T13:37:26+01:00,ATT-00400,usr-047,sensor_reading,denied,REVOKED_CREDENTIAL
2025-09-24T14:39:17+01:00,ATT-00151,usr-019,audit_log,denied,REVOKED_CREDENTIAL
2025-09-24T15:05:35+01:00,ATT-00337,sns-019,environmental_record,denied,REVOKED_CREDENTIAL
2025-09-24T15:23:10+01:00,ATT-00373,sns-026,environmental_record,denied,REVOKED_CREDENTIAL
2025-09-24T16:40:02+01:00,ATT-00956,sns-020,environmental_record,denied,REVOKED_CREDENTIAL
2025-09-24T17:53:16+01:00,ATT-00382,usr-051,zone_config,denied,REVOKED_CREDENTIAL
2025-09-24T17:55:51+01:00,ATT-00523,sns-034,sensor_reading,denied,REVOKED_CREDENTIAL
2025-09-24T18:07:43+01:00,ATT-00610,sns-032,provenance_log,denied,REVOKED_CREDENTIAL
2025-09-24T18:20:15+01:00,ATT-00259,sns-036,audit_log,denied,REVOKED_CREDENTIAL
2025-09-24T18:24:41+01:00,ATT-00639,usr-054,sensor_reading,denied,REVOKED_CREDENTIAL
2025-09-24T19:01:09+01:00,ATT-00343,sns-023,environmental_record,denied,REVOKED_CREDENTIAL
2025-09-24T19:14:29+01:00,ATT-00725,usr-115,zone_config,denied,REVOKED_CREDENTIAL
2025-09-24T19:57:47+01:00,ATT-00035,usr-047,provenance_log,denied,REVOKED_CREDENTIAL
2025-09-24T22:39:30+01:00,ATT-00781,sns-006,provenance_log,denied,REVOKED_CREDENTIAL
2025-09-24T22:43:38+01:00,ATT-00460,sns-037,provenance_log,denied,REVOKED_CREDENTIAL
2025-09-24T23:11:07+01:00,ATT-00043,sns-043,provenance_log,denied,REVOKED_CREDENTIAL
2025-09-24T23:20:16+01:00,ATT-00004,usr-059,provenance_log,denied,REVOKED_CREDENTIAL
2025-09-25T00:05:05+01:00,ATT-00820,sns-043,zone_config,denied,REVOKED_CREDENTIAL
2025-09-25T00:28:16+01:00,ATT-00143,sns-020,zone_config,denied,REVOKED_CREDENTIAL
2025-09-25T00:56:12+01:00,ATT-00737,sns-039,sensor_reading,denied,REVOKED_CREDENTIAL
2025-09-25T01:41:54+01:00,ATT-00067,usr-112,sensor_reading,denied,REVOKED_CREDENTIAL
2025-09-25T01:42:26+01:00,ATT-00442,usr-011,audit_log,denied,REVOKED_CREDENTIAL
2025-09-25T02:00:59+01:00,ATT-00138,usr-051,provenance_log,denied,REVOKED_CREDENTIAL
2025-09-25T02:37:42+01:00,ATT-00765,sns-002,environmental_record,denied,REVOKED_CREDENTIAL
2025-09-25T03:21:20+01:00,ATT-00628,usr-104,sensor_reading,denied,REVOKED_CREDENTIAL
2025-09-25T04:30:34+01:00,ATT-00708,usr-090,sensor_reading,denied,REVOKED_CREDENTIAL
2025-09-25T05:27:28+01:00,ATT-00257,sns-038,sensor_reading,denied,REVOKED_CREDENTIAL
2025-09-25T05:35:17+01:00,ATT-00073,sns-041,zone_config,denied,REVOKED_CREDENTIAL
2025-09-25T05:36:57+01:00,ATT-00396,sns-027,sensor_reading,denied,REVOKED_CREDENTIAL
2025-09-25T05:42:11+01:00,ATT-00377,usr-115,environmental_record,denied,REVOKED_CREDENTIAL
2025-09-25T06:16:53+01:00,ATT-00726,usr-120,zone_config,denied,REVOKED_CREDENTIAL
2025-09-25T06:18:22+01:00,ATT-00871,usr-077,provenance_log,denied,REVOKED_CREDENTIAL
2025-09-25T06:22:12+01:00,ATT-00613,usr-017,sensor_reading,denied,REVOKED_CREDENTIAL
2025-09-25T06:53:07+01:00,ATT-00030,usr-115,environmental_record,denied,REVOKED_CREDENTIAL
2025-09-25T06:57:22+01:00,ATT-00908,usr-054,zone_config,denied,REVOKED_CREDENTIAL
2025-09-25T07:04:40+01:00,ATT-00720,usr-054,sensor_reading,denied,REVOKED_CREDENTIAL
2025-09-25T09:05:16+01:00,ATT-00686,usr-066,provenance_log,denied,REVOKED_CREDENTIAL
2025-09-25T09:29:51+01:00,ATT-00821,usr-054,audit_log,denied,REVOKED_CREDENTIAL
2025-09-25T09:51:44+01:00,ATT-00723,usr-076,zone_config,denied,REVOKED_CREDENTIAL
2025-09-25T09:51:55+01:00,ATT-00048,sns-027,provenance_log,denied,REVOKED_CREDENTIAL
2025-09-25T10:36:46+01:00,ATT-00466,usr-020,provenance_log,denied,REVOKED_CREDENTIAL
2025-09-25T10:54:57+01:00,ATT-00230,usr-042,environmental_record,denied,REVOKED_CREDENTIAL
2025-09-25T10:55:29+01:00,ATT-00790,usr-119,zone_config,denied,REVOKED_CREDENTIAL
2025-09-25T11:55:13+01:00,ATT-00901,usr-051,provenance_log,denied,REVOKED_CREDENTIAL
2025-09-25T11:58:49+01:00,ATT-00525,usr-055,zone_config,denied,REVOKED_CREDENTIAL
2025-09-25T12:11:37+01:00,ATT-00616,sns-031,provenance_log,denied,REVOKED_CREDENTIAL
2025-09-25T12:13:21+01:00,ATT-00945,usr-023,provenance_log,denied,REVOKED_CREDENTIAL
2025-09-25T12:40:35+01:00,ATT-00418,sns-031,zone_config,denied,REVOKED_CREDENTIAL
2025-09-25T12:48:31+01:00,ATT-00411,sns-050,audit_log,denied,REVOKED_CREDENTIAL
2025-09-25T13:48:34+01:00,ATT-00303,usr-077,audit_log,denied,REVOKED_CREDENTIAL
2025-09-25T13:57:58+01:00,ATT-00121,usr-097,sensor_reading,denied,REVOKED_CREDENTIAL
2025-09-25T16:13:08+01:00,ATT-00537,usr-059,environmental_record,denied,REVOKED_CREDENTIAL
2025-09-25T16:13:30+01:00,ATT-00566,usr-002,audit_log,denied,REVOKED_CREDENTIAL
2025-09-25T17:28:51+01:00,ATT-00488,sns-020,zone_config,denied,REVOKED_CREDENTIAL
2025-09-25T18:09:54+01:00,ATT-00731,usr-056,audit_log,denied,REVOKED_CREDENTIAL
2025-09-25T19:32:33+01:00,ATT-00208,sns-012,provenance_log,denied,REVOKED_CREDENTIAL
2025-09-25T20:00:10+01:00,ATT-00944,sns-038,sensor_reading,denied,REVOKED_CREDENTIAL
2025-09-25T20:14:25+01:00,ATT-00120,sns-019,audit_log,denied,REVOKED_CREDENTIAL
2025-09-25T21:01:40+01:00,ATT-00272,usr-051,environmental_record,denied,REVOKED_CREDENTIAL
2025-09-25T21:35:21+01:00,ATT-00123,usr-030,audit_log,denied,REVOKED_CREDENTIAL
2025-09-25T21:44:06+01:00,ATT-00573,usr-085,sensor_reading,denied,REVOKED_CREDENTIAL
2025-09-25T22:31:16+01:00,ATT-00436,usr-042,audit_log,denied,REVOKED_CREDENTIAL
2025-09-25T22:41:38+01:00,ATT-00122,sns-039,sensor_reading,denied,REVOKED_CREDENTIAL
2025-09-25T23:35:45+01:00,ATT-00532,sns-041,zone_config,denied,REVOKED_CREDENTIAL
2025-09-25T23:56:09+01:00,ATT-00937,usr-105,sensor_reading,denied,REVOKED_CREDENTIAL
2025-09-26T01:06:39+01:00,ATT-00147,sns-036,zone_config,denied,REVOKED_CREDENTIAL
2025-09-26T01:06:59+01:00,ATT-00096,usr-115,sensor_reading,denied,REVOKED_CREDENTIAL
2025-09-26T01:45:33+01:00,ATT-00806,usr-058,sensor_reading,denied,REVOKED_CREDENTIAL
2025-09-26T02:10:00+01:00,ATT-00758,usr-020,provenance_log,denied,REVOKED_CREDENTIAL
2025-09-26T02:49:53+01:00,ATT-00408,sns-008,audit_log,denied,REVOKED_CREDENTIAL
2025-09-26T03:02:35+01:00,ATT-00507,usr-082,zone_config,denied,REVOKED_CREDENTIAL
2025-09-26T03:50:31+01:00,ATT-00672,usr-009,audit_log,denied,REVOKED_CREDENTIAL
2025-09-26T04:17:05+01:00,ATT-00039,usr-100,audit_log,denied,REVOKED_CREDENTIAL
2025-09-26T04:29:10+01:00,ATT-00595,sns-037,provenance_log,denied,REVOKED_CREDENTIAL
2025-09-26T04:34:01+01:00,ATT-00601,usr-105,audit_log,denied,REVOKED_CREDENTIAL
2025-09-26T04:36:10+01:00,ATT-00292,usr-017,zone_config,denied,REVOKED_CREDENTIAL
2025-09-26T04:41:23+01:00,ATT-00640,sns-039,provenance_log,denied,REVOKED_CREDENTIAL
2025-09-26T04:56:03+01:00,ATT-00792,usr-066,provenance_log,denied,REVOKED_CREDENTIAL
2025-09-26T05:15:04+01:00,ATT-00270,usr-082,sensor_reading,denied,REVOKED_CREDENTIAL
2025-09-26T05:29:33+01:00,ATT-00342,usr-061,provenance_log,denied,REVOKED_CREDENTIAL
2025-09-26T06:09:59+01:00,ATT-00142,sns-019,audit_log,denied,REVOKED_CREDENTIAL
2025-09-26T06:16:57+01:00,ATT-00822,usr-085,provenance_log,denied,REVOKED_CREDENTIAL
2025-09-26T06:38:36+01:00,ATT-00241,usr-092,zone_config,denied,REVOKED_CREDENTIAL
2025-09-26T07:24:20+01:00,ATT-00741,usr-041,environmental_record,denied,REVOKED_CREDENTIAL
2025-09-26T07:30:06+01:00,ATT-00371,usr-086,sensor_reading,denied,REVOKED_CREDENTIAL
2025-09-26T07:42:01+01:00,ATT-00724,usr-077,environmental_record,denied,REVOKED_CREDENTIAL
2025-09-26T08:07:34+01:00,ATT-00925,sns-002,sensor_reading,denied,REVOKED_CREDENTIAL
2025-09-26T09:12:25+01:00,ATT-00372,usr-061,provenance_log,denied,REVOKED_CREDENTIAL
2025-09-26T09:35:07+01:00,ATT-00053,usr-082,audit_log,denied,REVOKED_CREDENTIAL
2025-09-26T09:55:03+01:00,ATT-00274,usr-031,environmental_record,denied,REVOKED_CREDENTIAL
2025-09-26T10:01:29+01:00,ATT-00893,usr-058,zone_config,denied,REVOKED_CREDENTIAL
2025-09-26T10:07:29+01:00,ATT-00612,usr-061,audit_log,denied,REVOKED_CREDENTIAL
2025-09-26T10:25:07+01:00,ATT-00410,usr-009,sensor_reading,denied,REVOKED_CREDENTIAL
2025-09-26T10:37:38+01:00,ATT-00752,usr-076,zone_config,denied,REVOKED_CREDENTIAL
2025-09-26T10:45:41+01:00,ATT-00472,usr-077,sensor_reading,denied,REVOKED_CREDENTIAL
2025-09-26T10:55:44+01:00,ATT-00506,sns-042,zone_config,denied,REVOKED_CREDENTIAL
2025-09-26T11:13:27+01:00,ATT-00359,usr-070,zone_config,denied,REVOKED_CREDENTIAL
2025-09-26T11:23:38+01:00,ATT-00443,sns-042,zone_config,denied,REVOKED_CREDENTIAL
2025-09-26T11:27:11+01:00,ATT-00419,usr-019,audit_log,denied,REVOKED_CREDENTIAL
2025-09-26T11:41:14+01:00,ATT-00656,sns-026,provenance_log,denied,REVOKED_CREDENTIAL
2025-09-26T11:44:43+01:00,ATT-00350,sns-012,audit_log,denied,REVOKED_CREDENTIAL
2025-09-26T12:48:01+01:00,ATT-00196,sns-027,provenance_log,denied,REVOKED_CREDENTIAL
2025-09-26T12:56:04+01:00,ATT-00097,usr-085,zone_config,denied,REVOKED_CREDENTIAL
2025-09-26T13:05:36+01:00,ATT-00470,usr-061,sensor_reading,denied,REVOKED_CREDENTIAL
2025-09-26T13:23:41+01:00,ATT-00136,usr-004,zone_config,denied,REVOKED_CREDENTIAL
2025-09-26T13:28:52+01:00,ATT-00426,sns-043,sensor_reading,denied,REVOKED_CREDENTIAL
2025-09-26T13:31:54+01:00,ATT-00452,usr-079,environmental_record,denied,REVOKED_CREDENTIAL
2025-09-26T13:44:15+01:00,ATT-00518,usr-022,sensor_reading,denied,REVOKED_CREDENTIAL
2025-09-26T13:53:00+01:00,ATT-00448,sns-005,zone_config,denied,REVOKED_CREDENTIAL
2025-09-26T14:48:24+01:00,ATT-00190,usr-075,sensor_reading,denied,REVOKED_CREDENTIAL
2025-09-26T15:02:29+01:00,ATT-00435,usr-114,provenance_log,denied,REVOKED_CREDENTIAL
2025-09-26T15:11:48+01:00,ATT-00084,sns-042,sensor_reading,denied,REVOKED_CREDENTIAL
2025-09-26T15:14:59+01:00,ATT-00643,usr-115,zone_config,denied,REVOKED_CREDENTIAL
2025-09-26T15:32:09+01:00,ATT-00454,usr-053,audit_log,denied,REVOKED_CREDENTIAL
2025-09-26T16:05:58+01:00,ATT-00482,usr-111,provenance_log,denied,REVOKED_CREDENTIAL
2025-09-26T16:08:04+01:00,ATT-00348,sns-024,zone_config,denied,REVOKED_CREDENTIAL
2025-09-26T16:36:38+01:00,ATT-00904,usr-029,sensor_reading,denied,REVOKED_CREDENTIAL
2025-09-26T17:26:29+01:00,ATT-00297,sns-047,zone_config,denied,REVOKED_CREDENTIAL
2025-09-26T17:46:47+01:00,ATT-00149,sns-039,sensor_reading,denied,REVOKED_CREDENTIAL
2025-09-26T17:59:49+01:00,ATT-00745,sns-043,environmental_record,denied,REVOKED_CREDENTIAL
2025-09-26T18:02:05+01:00,ATT-00398,usr-120,sensor_reading,denied,REVOKED_CREDENTIAL
2025-09-26T18:02:29+01:00,ATT-00393,usr-092,environmental_record,denied,REVOKED_CREDENTIAL
2025-09-26T18:47:44+01:00,ATT-00173,usr-027,zone_config,denied,REVOKED_CREDENTIAL
2025-09-26T19:01:43+01:00,ATT-00273,usr-063,sensor_reading,denied,REVOKED_CREDENTIAL
2025-09-26T19:45:53+01:00,ATT-00224,usr-027,audit_log,denied,REVOKED_CREDENTIAL
2025-09-26T19:57:21+01:00,ATT-00567,usr-025,sensor_reading,denied,REVOKED_CREDENTIAL
2025-09-26T20:11:58+01:00,ATT-00129,sns-026,audit_log,denied,REVOKED_CREDENTIAL
2025-09-26T20:22:25+01:00,ATT-00402,usr-036,sensor_reading,denied,REVOKED_CREDENTIAL
2025-09-26T21:19:31+01:00,ATT-00178,usr-072,environmental_record,denied,REVOKED_CREDENTIAL
2025-09-26T22:06:22+01:00,ATT-00888,usr-009,sensor_reading,denied,REVOKED_CREDENTIAL
2025-09-26T22:24:22+01:00,ATT-00769,sns-039,sensor_reading,denied,REVOKED_CREDENTIAL
2025-09-26T22:30:18+01:00,ATT-00094,sns-016,provenance_log,denied,REVOKED_CREDENTIAL
2025-09-27T00:10:08+01:00,ATT-00780,usr-111,zone_config,denied,REVOKED_CREDENTIAL
2025-09-27T00:23:26+01:00,ATT-00169,sns-050,zone_config,denied,REVOKED_CREDENTIAL
2025-09-27T00:24:00+01:00,ATT-00182,sns-023,zone_config,denied,REVOKED_CREDENTIAL
2025-09-27T00:30:12+01:00,ATT-00703,sns-042,zone_config,denied,REVOKED_CREDENTIAL
2025-09-27T00:55:28+01:00,ATT-00105,sns-012,zone_config,denied,REVOKED_CREDENTIAL
2025-09-27T01:45:01+01:00,ATT-00468,usr-100,provenance_log,denied,REVOKED_CREDENTIAL
2025-09-27T02:07:44+01:00,ATT-00615,usr-019,zone_config,denied,REVOKED_CREDENTIAL
2025-09-27T02:16:47+01:00,ATT-00070,usr-045,zone_config,denied,REVOKED_CREDENTIAL
2025-09-27T02:22:16+01:00,ATT-00031,usr-017,sensor_reading,denied,REVOKED_CREDENTIAL
2025-09-27T02:43:46+01:00,ATT-00108,usr-059,zone_config,denied,REVOKED_CREDENTIAL
2025-09-27T02:56:23+01:00,ATT-00764,sns-037,environmental_record,denied,REVOKED_CREDENTIAL
2025-09-27T03:12:30+01:00,ATT-00456,usr-061,provenance_log,denied,REVOKED_CREDENTIAL
2025-09-27T04:18:33+01:00,ATT-00887,sns-024,provenance_log,denied,REVOKED_CREDENTIAL
2025-09-27T04:30:42+01:00,ATT-00061,usr-115,sensor_reading,denied,REVOKED_CREDENTIAL
2025-09-27T05:20:49+01:00,ATT-00159,usr-047,audit_log,denied,REVOKED_CREDENTIAL
2025-09-27T05:30:26+01:00,ATT-00332,usr-036,environmental_record,denied,REVOKED_CREDENTIAL
2025-09-27T05:42:10+01:00,ATT-00609,usr-023,sensor_reading,denied,REVOKED_CREDENTIAL
2025-09-27T05:43:10+01:00,ATT-00673,sns-006,audit_log,denied,REVOKED_CREDENTIAL
2025-09-27T06:27:05+01:00,ATT-00232,usr-020,provenance_log,denied,REVOKED_CREDENTIAL
2025-09-27T06:56:35+01:00,ATT-00695,usr-022,sensor_reading,denied,REVOKED_CREDENTIAL
2025-09-27T07:09:35+01:00,ATT-00862,usr-106,zone_config,denied,REVOKED_CREDENTIAL
2025-09-27T08:12:51+01:00,ATT-00594,usr-004,provenance_log,denied,REVOKED_CREDENTIAL
2025-09-27T09:01:13+01:00,ATT-00879,usr-026,zone_config,denied,REVOKED_CREDENTIAL
2025-09-27T09:16:37+01:00,ATT-00496,sns-001,zone_config,denied,REVOKED_CREDENTIAL
2025-09-27T09:20:56+01:00,ATT-00254,usr-078,sensor_reading,denied,REVOKED_CREDENTIAL
2025-09-27T09:30:29+01:00,ATT-00261,usr-114,zone_config,denied,REVOKED_CREDENTIAL
2025-09-27T09:37:49+01:00,ATT-00302,sns-029,sensor_reading,denied,REVOKED_CREDENTIAL
2025-09-27T09:49:14+01:00,ATT-00652,usr-067,zone_config,denied,REVOKED_CREDENTIAL
2025-09-27T10:28:25+01:00,ATT-00256,sns-009,sensor_reading,denied,REVOKED_CREDENTIAL
2025-09-27T10:31:39+01:00,ATT-00091,usr-077,audit_log,denied,REVOKED_CREDENTIAL
2025-09-27T10:41:01+01:00,ATT-00873,usr-022,sensor_reading,denied,REVOKED_CREDENTIAL
2025-09-27T10:53:05+01:00,ATT-00407,usr-072,sensor_reading,denied,REVOKED_CREDENTIAL
2025-09-27T11:12:48+01:00,ATT-00880,usr-100,sensor_reading,denied,REVOKED_CREDENTIAL
2025-09-27T11:15:20+01:00,ATT-00133,sns-021,sensor_reading,denied,REVOKED_CREDENTIAL
2025-09-27T12:07:45+01:00,ATT-00236,usr-020,provenance_log,denied,REVOKED_CREDENTIAL
2025-09-27T12:08:14+01:00,ATT-00098,usr-033,provenance_log,denied,REVOKED_CREDENTIAL
2025-09-27T12:54:02+01:00,ATT-00231,usr-033,audit_log,denied,REVOKED_CREDENTIAL
2025-09-27T12:55:48+01:00,ATT-00900,usr-027,provenance_log,denied,REVOKED_CREDENTIAL
2025-09-27T13:01:49+01:00,ATT-00368,usr-112,sensor_reading,denied,REVOKED_CREDENTIAL
2025-09-27T13:12:46+01:00,ATT-00819,usr-042,provenance_log,denied,REVOKED_CREDENTIAL
2025-09-27T13:33:05+01:00,ATT-00427,usr-033,zone_config,denied,REVOKED_CREDENTIAL
2025-09-27T14:36:26+01:00,ATT-00742,usr-020,audit_log,denied,REVOKED_CREDENTIAL
2025-09-27T15:07:52+01:00,ATT-00845,usr-115,audit_log,denied,REVOKED_CREDENTIAL
2025-09-27T15:08:45+01:00,ATT-00857,sns-008,environmental_record,denied,REVOKED_CREDENTIAL
2025-09-27T15:09:51+01:00,ATT-00608,usr-067,zone_config,denied,REVOKED_CREDENTIAL
2025-09-27T15:13:50+01:00,ATT-00759,usr-094,audit_log,denied,REVOKED_CREDENTIAL
2025-09-27T15:24:06+01:00,ATT-00644,usr-072,sensor_reading,denied,REVOKED_CREDENTIAL
2025-09-27T15:34:47+01:00,ATT-00459,sns-044,provenance_log,denied,REVOKED_CREDENTIAL
2025-09-27T16:38:34+01:00,ATT-00441,usr-021,sensor_reading,denied,REVOKED_CREDENTIAL
2025-09-27T18:01:53+01:00,ATT-00570,usr-098,audit_log,denied,REVOKED_CREDENTIAL
2025-09-27T18:25:47+01:00,ATT-00841,sns-031,sensor_reading,denied,REVOKED_CREDENTIAL
2025-09-27T19:04:55+01:00,ATT-00404,sns-040,sensor_reading,denied,REVOKED_CREDENTIAL
2025-09-27T19:05:48+01:00,ATT-00375,sns-040,sensor_reading,denied,REVOKED_CREDENTIAL
2025-09-27T19:30:56+01:00,ATT-00321,sns-008,provenance_log,denied,REVOKED_CREDENTIAL
2025-09-27T19:55:02+01:00,ATT-00058,sns-016,environmental_record,denied,REVOKED_CREDENTIAL
2025-09-27T20:05:05+01:00,ATT-00634,sns-016,zone_config,denied,REVOKED_CREDENTIAL
2025-09-27T20:07:20+01:00,ATT-00060,sns-041,provenance_log,denied,REVOKED_CREDENTIAL
2025-09-27T21:13:06+01:00,ATT-00921,usr-002,provenance_log,denied,REVOKED_CREDENTIAL
2025-09-27T21:29:48+01:00,ATT-00605,usr-115,sensor_reading,denied,REVOKED_CREDENTIAL
2025-09-27T22:34:28+01:00,ATT-00324,sns-037,sensor_reading,denied,REVOKED_CREDENTIAL
2025-09-27T22:38:56+01:00,ATT-00336,usr-100,sensor_reading,denied,REVOKED_CREDENTIAL
2025-09-27T22:52:40+01:00,ATT-00183,usr-023,zone_config,denied,REVOKED_CREDENTIAL
2025-09-27T22:54:53+01:00,ATT-00897,usr-067,sensor_reading,denied,REVOKED_CREDENTIAL
2025-09-27T23:21:56+01:00,ATT-00749,usr-024,zone_config,denied,REVOKED_CREDENTIAL
2025-09-27T23:42:58+01:00,ATT-00322,usr-025,sensor_reading,denied,REVOKED_CREDENTIAL
2025-09-27T23:47:37+01:00,ATT-00577,usr-104,provenance_log,denied,REVOKED_CREDENTIAL
2025-09-28T01:24:51+01:00,ATT-00083,usr-082,provenance_log,denied,REVOKED_CREDENTIAL
2025-09-28T02:24:56+01:00,ATT-00390,sns-008,provenance_log,denied,REVOKED_CREDENTIAL
2025-09-28T02:32:17+01:00,ATT-00288,sns-001,sensor_reading,denied,REVOKED_CREDENTIAL
2025-09-28T03:25:38+01:00,ATT-00803,sns-043,sensor_reading,denied,REVOKED_CREDENTIAL
2025-09-28T03:28:15+01:00,ATT-00599,usr-100,sensor_reading,denied,REVOKED_CREDENTIAL
2025-09-28T03:34:42+01:00,ATT-00429,sns-024,audit_log,denied,REVOKED_CREDENTIAL
2025-09-28T03:44:19+01:00,ATT-00899,sns-050,provenance_log,denied,REVOKED_CREDENTIAL
2025-09-28T03:49:40+01:00,ATT-00653,usr-076,environmental_record,denied,REVOKED_CREDENTIAL
2025-09-28T04:37:18+01:00,ATT-00920,sns-037,audit_log,denied,REVOKED_CREDENTIAL
2025-09-28T05:26:10+01:00,ATT-00066,usr-104,zone_config,denied,REVOKED_CREDENTIAL
2025-09-28T05:27:53+01:00,ATT-00227,usr-058,sensor_reading,denied,REVOKED_CREDENTIAL
2025-09-28T05:40:46+01:00,ATT-00827,sns-008,zone_config,denied,REVOKED_CREDENTIAL
2025-09-28T05:46:39+01:00,ATT-00805,usr-023,sensor_reading,denied,REVOKED_CREDENTIAL
2025-09-28T06:11:04+01:00,ATT-00966,usr-042,sensor_reading,denied,REVOKED_CREDENTIAL
2025-09-28T06:18:41+01:00,ATT-00200,usr-039,environmental_record,denied,REVOKED_CREDENTIAL
2025-09-28T06:28:35+01:00,ATT-00953,sns-025,audit_log,denied,REVOKED_CREDENTIAL
2025-09-28T06:35:57+01:00,ATT-00969,sns-016,zone_config,denied,REVOKED_CREDENTIAL
2025-09-28T06:51:48+01:00,ATT-00335,usr-117,audit_log,denied,REVOKED_CREDENTIAL
2025-09-28T06:59:23+01:00,ATT-00431,sns-035,sensor_reading,denied,REVOKED_CREDENTIAL
2025-09-28T07:10:09+01:00,ATT-00414,sns-050,sensor_reading,denied,REVOKED_CREDENTIAL
2025-09-28T07:43:48+01:00,ATT-00484,sns-006,zone_config,denied,REVOKED_CREDENTIAL
2025-09-28T08:09:40+01:00,ATT-00363,usr-042,provenance_log,denied,REVOKED_CREDENTIAL
2025-09-28T09:11:28+01:00,ATT-00584,sns-008,zone_config,denied,REVOKED_CREDENTIAL
2025-09-28T09:56:57+01:00,ATT-00706,usr-094,zone_config,denied,REVOKED_CREDENTIAL
2025-09-28T10:09:25+01:00,ATT-00352,sns-023,provenance_log,denied,REVOKED_CREDENTIAL
2025-09-28T11:18:24+01:00,ATT-00701,usr-041,sensor_reading,denied,REVOKED_CREDENTIAL
2025-09-28T11:37:23+01:00,ATT-00235,sns-044,zone_config,denied,REVOKED_CREDENTIAL
2025-09-28T11:58:49+01:00,ATT-00926,sns-043,sensor_reading,denied,REVOKED_CREDENTIAL
2025-09-28T11:59:42+01:00,ATT-00019,usr-042,sensor_reading,denied,REVOKED_CREDENTIAL
2025-09-28T12:02:38+01:00,ATT-00733,usr-033,provenance_log,denied,REVOKED_CREDENTIAL
2025-09-28T12:14:56+01:00,ATT-00307,usr-077,zone_config,denied,REVOKED_CREDENTIAL
2025-09-28T12:36:33+01:00,ATT-00271,usr-098,audit_log,denied,REVOKED_CREDENTIAL
2025-09-28T13:15:08+01:00,ATT-00636,usr-054,zone_config,denied,REVOKED_CREDENTIAL
2025-09-28T13:26:59+01:00,ATT-00960,sns-007,zone_config,denied,REVOKED_CREDENTIAL
2025-09-28T13:49:15+01:00,ATT-00927,usr-002,sensor_reading,denied,REVOKED_CREDENTIAL
2025-09-28T13:54:50+01:00,ATT-00617,usr-115,provenance_log,denied,REVOKED_CREDENTIAL
2025-09-28T14:32:51+01:00,ATT-00353,sns-044,audit_log,denied,REVOKED_CREDENTIAL
2025-09-28T14:46:29+01:00,ATT-00024,sns-039,sensor_reading,denied,REVOKED_CREDENTIAL
2025-09-28T14:59:01+01:00,ATT-00347,usr-047,sensor_reading,denied,REVOKED_CREDENTIAL
2025-09-28T15:49:56+01:00,ATT-00102,usr-008,environmental_record,denied,REVOKED_CREDENTIAL
2025-09-28T15:58:13+01:00,ATT-00320,sns-008,zone_config,denied,REVOKED_CREDENTIAL
2025-09-28T16:27:42+01:00,ATT-00728,sns-039,environmental_record,denied,REVOKED_CREDENTIAL
2025-09-28T16:29:26+01:00,ATT-00971,usr-092,audit_log,denied,REVOKED_CREDENTIAL
2025-09-28T17:01:32+01:00,ATT-00751,usr-017,zone_config,denied,REVOKED_CREDENTIAL
2025-09-28T17:02:08+01:00,ATT-00850,usr-094,audit_log,denied,REVOKED_CREDENTIAL
2025-09-28T17:23:45+01:00,ATT-00593,sns-001,sensor_reading,denied,REVOKED_CREDENTIAL
2025-09-28T17:32:24+01:00,ATT-00545,usr-067,provenance_log,denied,REVOKED_CREDENTIAL
2025-09-28T18:06:00+01:00,ATT-00282,sns-012,zone_config,denied,REVOKED_CREDENTIAL
2025-09-28T18:38:38+01:00,ATT-00571,sns-026,sensor_reading,denied,REVOKED_CREDENTIAL
2025-09-28T18:51:33+01:00,ATT-00262,sns-005,zone_config,denied,REVOKED_CREDENTIAL
2025-09-28T19:22:30+01:00,ATT-00444,usr-054,sensor_reading,denied,REVOKED_CREDENTIAL
2025-09-28T19:44:31+01:00,ATT-00486,usr-022,provenance_log,denied,REVOKED_CREDENTIAL
2025-09-28T20:03:14+01:00,ATT-00144,sns-009,sensor_reading,denied,REVOKED_CREDENTIAL
2025-09-28T21:05:49+01:00,ATT-00007,sns-009,zone_config,denied,REVOKED_CREDENTIAL
2025-09-28T21:27:07+01:00,ATT-00775,sns-021,provenance_log,denied,REVOKED_CREDENTIAL
2025-09-28T21:36:57+01:00,ATT-00013,sns-006,sensor_reading,denied,REVOKED_CREDENTIAL
2025-09-28T22:26:11+01:00,ATT-00933,sns-009,zone_config,denied,REVOKED_CREDENTIAL
2025-09-28T22:48:47+01:00,ATT-00457,sns-020,zone_config,denied,REVOKED_CREDENTIAL
2025-09-28T23:22:47+01:00,ATT-00837,sns-009,zone_config,denied,REVOKED_CREDENTIAL
2025-09-29T00:16:13+01:00,ATT-00531,usr-043,provenance_log,denied,REVOKED_CREDENTIAL
2025-09-29T00:16:44+01:00,ATT-00249,usr-042,provenance_log,denied,REVOKED_CREDENTIAL
2025-09-29T00:25:22+01:00,ATT-00951,usr-041,sensor_reading,denied,REVOKED_CREDENTIAL
2025-09-29T00:32:44+01:00,ATT-00524,sns-021,sensor_reading,denied,REVOKED_CREDENTIAL
2025-09-29T00:45:09+01:00,ATT-00747,sns-043,sensor_reading,denied,REVOKED_CREDENTIAL
2025-09-29T00:53:23+01:00,ATT-00315,sns-029,sensor_reading,denied,REVOKED_CREDENTIAL
2025-09-29T01:00:44+01:00,ATT-00403,sns-025,environmental_record,denied,REVOKED_CREDENTIAL
2025-09-29T01:37:01+01:00,ATT-00561,usr-020,zone_config,denied,REVOKED_CREDENTIAL
2025-09-29T01:45:29+01:00,ATT-00558,sns-028,environmental_record,denied,REVOKED_CREDENTIAL
2025-09-29T02:02:30+01:00,ATT-00093,sns-036,sensor_reading,denied,REVOKED_CREDENTIAL
2025-09-29T02:12:23+01:00,ATT-00554,sns-037,sensor_reading,denied,REVOKED_CREDENTIAL
2025-09-29T02:12:36+01:00,ATT-00716,usr-040,provenance_log,denied,REVOKED_CREDENTIAL
2025-09-29T02:19:45+01:00,ATT-00586,usr-020,sensor_reading,denied,REVOKED_CREDENTIAL
2025-09-29T03:07:02+01:00,ATT-00793,usr-027,zone_config,denied,REVOKED_CREDENTIAL
2025-09-29T03:27:23+01:00,ATT-00384,usr-027,environmental_record,denied,REVOKED_CREDENTIAL
2025-09-29T03:48:00+01:00,ATT-00054,sns-041,audit_log,denied,REVOKED_CREDENTIAL
2025-09-29T04:11:00+01:00,ATT-00722,sns-026,sensor_reading,denied,REVOKED_CREDENTIAL
2025-09-29T04:17:37+01:00,ATT-00883,usr-079,zone_config,denied,REVOKED_CREDENTIAL
2025-09-29T04:39:52+01:00,ATT-00539,usr-059,zone_config,denied,REVOKED_CREDENTIAL
2025-09-29T04:43:43+01:00,ATT-00661,sns-020,sensor_reading,denied,REVOKED_CREDENTIAL
2025-09-29T04:53:21+01:00,ATT-00761,usr-009,zone_config,denied,REVOKED_CREDENTIAL
2025-09-29T05:00:01+01:00,ATT-00950,sns-005,zone_config,denied,REVOKED_CREDENTIAL
2025-09-29T05:12:10+01:00,ATT-00802,sns-029,audit_log,denied,REVOKED_CREDENTIAL
2025-09-29T05:36:33+01:00,ATT-00788,sns-038,environmental_record,denied,REVOKED_CREDENTIAL
2025-09-29T05:58:36+01:00,ATT-00010,sns-014,zone_config,denied,REVOKED_CREDENTIAL
2025-09-29T06:06:03+01:00,ATT-00245,usr-033,environmental_record,denied,REVOKED_CREDENTIAL
2025-09-29T06:20:12+01:00,ATT-00918,sns-016,zone_config,denied,REVOKED_CREDENTIAL
2025-09-29T06:41:12+01:00,ATT-00941,usr-016,provenance_log,denied,REVOKED_CREDENTIAL
2025-09-29T07:15:34+01:00,ATT-00392,sns-016,environmental_record,denied,REVOKED_CREDENTIAL
2025-09-29T08:24:16+01:00,ATT-00587,usr-022,environmental_record,denied,REVOKED_CREDENTIAL
2025-09-29T08:39:29+01:00,ATT-00557,sns-042,audit_log,denied,REVOKED_CREDENTIAL
2025-09-29T09:06:35+01:00,ATT-00949,usr-119,zone_config,denied,REVOKED_CREDENTIAL
2025-09-29T09:13:34+01:00,ATT-00823,usr-017,sensor_reading,denied,REVOKED_CREDENTIAL
2025-09-29T09:17:37+01:00,ATT-00428,sns-039,sensor_reading,denied,REVOKED_CREDENTIAL
2025-09-29T09:59:56+01:00,ATT-00934,sns-019,zone_config,denied,REVOKED_CREDENTIAL
2025-09-29T10:08:41+01:00,ATT-00100,sns-041,zone_config,denied,REVOKED_CREDENTIAL
2025-09-29T10:09:52+01:00,ATT-00140,sns-009,audit_log,denied,REVOKED_CREDENTIAL
2025-09-29T10:13:49+01:00,ATT-00774,usr-076,zone_config,denied,REVOKED_CREDENTIAL
2025-09-29T10:14:41+01:00,ATT-00824,usr-020,sensor_reading,denied,REVOKED_CREDENTIAL
2025-09-29T10:14:44+01:00,ATT-00734,sns-035,sensor_reading,denied,REVOKED_CREDENTIAL
2025-09-29T10:16:15+01:00,ATT-00440,usr-052,zone_config,denied,REVOKED_CREDENTIAL
2025-09-29T10:17:16+01:00,ATT-00907,sns-041,sensor_reading,denied,REVOKED_CREDENTIAL
2025-09-29T11:21:49+01:00,ATT-00648,usr-114,environmental_record,denied,REVOKED_CREDENTIAL
2025-09-29T11:23:19+01:00,ATT-00712,usr-016,sensor_reading,denied,REVOKED_CREDENTIAL
2025-09-29T11:26:02+01:00,ATT-00511,sns-024,environmental_record,denied,REVOKED_CREDENTIAL
2025-09-29T11:32:55+01:00,ATT-00508,usr-045,provenance_log,denied,REVOKED_CREDENTIAL
2025-09-29T12:16:16+01:00,ATT-00884,sns-034,sensor_reading,denied,REVOKED_CREDENTIAL
2025-09-29T12:49:07+01:00,ATT-00946,sns-034,provenance_log,denied,REVOKED_CREDENTIAL
2025-09-29T13:09:28+01:00,ATT-00935,usr-028,audit_log,denied,REVOKED_CREDENTIAL
2025-09-29T13:24:26+01:00,ATT-00106,sns-019,audit_log,denied,REVOKED_CREDENTIAL
2025-09-29T13:41:19+01:00,ATT-00076,sns-024,zone_config,denied,REVOKED_CREDENTIAL
2025-09-29T13:43:46+01:00,ATT-00291,sns-034,zone_config,denied,REVOKED_CREDENTIAL
2025-09-29T13:57:53+01:00,ATT-00598,usr-002,audit_log,denied,REVOKED_CREDENTIAL
2025-09-29T15:19:51+01:00,ATT-00366,usr-021,sensor_reading,denied,REVOKED_CREDENTIAL
2025-09-29T16:04:13+01:00,ATT-00181,sns-019,zone_config,denied,REVOKED_CREDENTIAL
2025-09-29T16:09:03+01:00,ATT-00017,usr-112,provenance_log,denied,REVOKED_CREDENTIAL
2025-09-29T16:23:58+01:00,ATT-00389,sns-039,zone_config,denied,REVOKED_CREDENTIAL
2025-09-29T17:13:23+01:00,ATT-00517,usr-112,sensor_reading,denied,REVOKED_CREDENTIAL
2025-09-29T17:13:52+01:00,ATT-00717,usr-066,zone_config,denied,REVOKED_CREDENTIAL
2025-09-29T17:32:32+01:00,ATT-00875,usr-111,zone_config,denied,REVOKED_CREDENTIAL
2025-09-29T17:49:18+01:00,ATT-00575,sns-009,provenance_log,denied,REVOKED_CREDENTIAL
2025-09-29T17:56:18+01:00,ATT-00125,sns-048,audit_log,denied,REVOKED_CREDENTIAL
2025-09-29T18:05:45+01:00,ATT-00882,usr-049,sensor_reading,denied,REVOKED_CREDENTIAL
2025-09-29T18:43:11+01:00,ATT-00513,usr-023,sensor_reading,denied,REVOKED_CREDENTIAL
2025-09-29T18:46:52+01:00,ATT-00809,sns-026,provenance_log,denied,REVOKED_CREDENTIAL
2025-09-29T19:11:50+01:00,ATT-00597,usr-067,sensor_reading,denied,REVOKED_CREDENTIAL
2025-09-29T19:18:02+01:00,ATT-00471,sns-043,sensor_reading,denied,REVOKED_CREDENTIAL
2025-09-29T19:33:48+01:00,ATT-00650,usr-100,environmental_record,denied,REVOKED_CREDENTIAL
2025-09-29T19:36:03+01:00,ATT-00853,sns-001,audit_log,denied,REVOKED_CREDENTIAL
2025-09-29T19:47:51+01:00,ATT-00290,usr-009,audit_log,denied,REVOKED_CREDENTIAL
2025-09-29T20:09:38+01:00,ATT-00213,sns-036,environmental_record,denied,REVOKED_CREDENTIAL
2025-09-29T20:24:35+01:00,ATT-00450,sns-005,zone_config,denied,REVOKED_CREDENTIAL
2025-09-29T20:49:28+01:00,ATT-00455,sns-037,zone_config,denied,REVOKED_CREDENTIAL
2025-09-29T22:03:46+01:00,ATT-00763,sns-044,provenance_log,denied,REVOKED_CREDENTIAL
2025-09-29T22:04:23+01:00,ATT-00334,sns-037,zone_config,denied,REVOKED_CREDENTIAL
2025-09-29T22:21:25+01:00,ATT-00462,usr-094,zone_config,denied,REVOKED_CREDENTIAL
2025-09-29T22:25:50+01:00,ATT-00544,usr-040,sensor_reading,denied,REVOKED_CREDENTIAL
2025-09-30T00:18:24+01:00,ATT-00559,sns-001,environmental_record,denied,REVOKED_CREDENTIAL
2025-09-30T00:20:42+01:00,ATT-00430,usr-052,zone_config,denied,REVOKED_CREDENTIAL
2025-09-30T00:40:55+01:00,ATT-00868,sns-035,environmental_record,denied,REVOKED_CREDENTIAL
2025-09-30T00:57:38+01:00,ATT-00305,usr-104,zone_config,denied,REVOKED_CREDENTIAL
2025-09-30T01:41:09+01:00,ATT-00304,sns-043,sensor_reading,denied,REVOKED_CREDENTIAL
2025-09-30T01:58:26+01:00,ATT-00865,usr-107,provenance_log,denied,REVOKED_CREDENTIAL
2025-09-30T02:11:06+01:00,ATT-00533,usr-059,audit_log,denied,REVOKED_CREDENTIAL
2025-09-30T02:15:57+01:00,ATT-00467,sns-042,environmental_record,denied,REVOKED_CREDENTIAL
2025-09-30T02:26:32+01:00,ATT-00492,usr-094,sensor_reading,denied,REVOKED_CREDENTIAL
2025-09-30T03:13:21+01:00,ATT-00931,sns-039,audit_log,denied,REVOKED_CREDENTIAL
2025-09-30T03:16:17+01:00,ATT-00665,usr-112,zone_config,denied,REVOKED_CREDENTIAL
2025-09-30T03:27:27+01:00,ATT-00194,usr-112,provenance_log,denied,REVOKED_CREDENTIAL
2025-09-30T04:26:04+01:00,ATT-00439,usr-072,sensor_reading,denied,REVOKED_CREDENTIAL
2025-09-30T04:32:49+01:00,ATT-00330,usr-114,sensor_reading,denied,REVOKED_CREDENTIAL
2025-09-30T04:52:31+01:00,ATT-00831,sns-021,audit_log,denied,REVOKED_CREDENTIAL
2025-09-30T05:05:30+01:00,ATT-00193,usr-027,sensor_reading,denied,REVOKED_CREDENTIAL
2025-09-30T05:20:56+01:00,ATT-00238,usr-063,provenance_log,denied,REVOKED_CREDENTIAL
2025-09-30T05:25:51+01:00,ATT-00746,sns-009,audit_log,denied,REVOKED_CREDENTIAL
2025-09-30T05:37:57+01:00,ATT-00662,usr-098,zone_config,denied,REVOKED_CREDENTIAL
2025-09-30T05:54:10+01:00,ATT-00369,usr-028,zone_config,denied,REVOKED_CREDENTIAL
2025-09-30T06:37:26+01:00,ATT-00355,sns-007,zone_config,denied,REVOKED_CREDENTIAL
2025-09-30T06:38:06+01:00,ATT-00131,usr-115,sensor_reading,denied,REVOKED_CREDENTIAL
2025-09-30T06:43:29+01:00,ATT-00413,usr-019,audit_log,denied,REVOKED_CREDENTIAL
2025-09-30T06:59:38+01:00,ATT-00748,usr-039,zone_config,denied,REVOKED_CREDENTIAL
2025-09-30T07:15:29+01:00,ATT-00089,sns-012,provenance_log,denied,REVOKED_CREDENTIAL
2025-09-30T07:37:03+01:00,ATT-00423,sns-021,provenance_log,denied,REVOKED_CREDENTIAL
2025-09-30T07:47:34+01:00,ATT-00864,usr-031,environmental_record,denied,REVOKED_CREDENTIAL
2025-09-30T08:00:13+01:00,ATT-00801,usr-061,provenance_log,denied,REVOKED_CREDENTIAL
2025-09-30T08:17:25+01:00,ATT-00327,usr-016,sensor_reading,denied,REVOKED_CREDENTIAL
2025-09-30T08:22:23+01:00,ATT-00295,sns-001,sensor_reading,denied,REVOKED_CREDENTIAL
2025-09-30T08:24:57+01:00,ATT-00279,sns-043,audit_log,denied,REVOKED_CREDENTIAL
2025-09-30T08:43:56+01:00,ATT-00153,usr-065,provenance_log,denied,REVOKED_CREDENTIAL
2025-09-30T08:50:15+01:00,ATT-00681,sns-043,zone_config,denied,REVOKED_CREDENTIAL
2025-09-30T09:30:54+01:00,ATT-00192,usr-042,sensor_reading,denied,REVOKED_CREDENTIAL
2025-09-30T09:37:47+01:00,ATT-00959,usr-054,zone_config,denied,REVOKED_CREDENTIAL
2025-09-30T09:49:37+01:00,ATT-00215,usr-117,zone_config,denied,REVOKED_CREDENTIAL
2025-09-30T09:55:07+01:00,ATT-00386,sns-020,environmental_record,denied,REVOKED_CREDENTIAL
2025-09-30T09:55:53+01:00,ATT-00581,usr-120,sensor_reading,denied,REVOKED_CREDENTIAL
2025-09-30T10:06:53+01:00,ATT-00582,sns-026,zone_config,denied,REVOKED_CREDENTIAL
2025-09-30T10:34:43+01:00,ATT-00535,usr-115,audit_log,denied,REVOKED_CREDENTIAL
2025-09-30T11:27:46+01:00,ATT-00247,usr-026,provenance_log,denied,REVOKED_CREDENTIAL
2025-09-30T11:33:38+01:00,ATT-00777,usr-120,environmental_record,denied,REVOKED_CREDENTIAL
2025-09-30T11:47:37+01:00,ATT-00233,sns-027,sensor_reading,denied,REVOKED_CREDENTIAL
2025-09-30T12:44:13+01:00,ATT-00075,usr-031,sensor_reading,denied,REVOKED_CREDENTIAL
2025-09-30T12:50:39+01:00,ATT-00800,usr-033,sensor_reading,denied,REVOKED_CREDENTIAL
2025-09-30T13:12:18+01:00,ATT-00677,sns-008,zone_config,denied,REVOKED_CREDENTIAL
2025-09-30T13:36:50+01:00,ATT-00719,usr-115,sensor_reading,denied,REVOKED_CREDENTIAL
2025-09-30T13:58:04+01:00,ATT-00244,usr-022,sensor_reading,denied,REVOKED_CREDENTIAL
2025-09-30T14:12:18+01:00,ATT-00727,usr-067,sensor_reading,denied,REVOKED_CREDENTIAL
2025-09-30T14:25:25+01:00,ATT-00499,usr-077,provenance_log,denied,REVOKED_CREDENTIAL
2025-09-30T14:32:58+01:00,ATT-00409,usr-078,zone_config,denied,REVOKED_CREDENTIAL
2025-09-30T14:45:22+01:00,ATT-00166,sns-040,sensor_reading,denied,REVOKED_CREDENTIAL
2025-09-30T15:07:40+01:00,ATT-00487,usr-063,provenance_log,denied,REVOKED_CREDENTIAL
2025-09-30T16:14:02+01:00,ATT-00655,usr-034,zone_config,denied,REVOKED_CREDENTIAL
2025-09-30T16:27:04+01:00,ATT-00489,sns-026,sensor_reading,denied,REVOKED_CREDENTIAL
2025-09-30T16:28:32+01:00,ATT-00014,usr-024,zone_config,denied,REVOKED_CREDENTIAL
2025-09-30T16:30:08+01:00,ATT-00684,usr-059,environmental_record,denied,REVOKED_CREDENTIAL
2025-09-30T16:38:03+01:00,ATT-00721,usr-035,sensor_reading,denied,REVOKED_CREDENTIAL
2025-09-30T18:53:32+01:00,ATT-00756,usr-002,zone_config,denied,REVOKED_CREDENTIAL
2025-09-30T19:13:55+01:00,ATT-00267,sns-038,provenance_log,denied,REVOKED_CREDENTIAL
2025-09-30T19:17:38+01:00,ATT-00510,usr-112,zone_config,denied,REVOKED_CREDENTIAL
2025-09-30T19:56:08+01:00,ATT-00146,sns-036,zone_config,denied,REVOKED_CREDENTIAL
2025-09-30T20:07:15+01:00,ATT-00611,usr-040,audit_log,denied,REVOKED_CREDENTIAL
2025-09-30T20:36:57+01:00,ATT-00311,sns-030,sensor_reading,denied,REVOKED_CREDENTIAL
2025-09-30T20:44:59+01:00,ATT-00161,usr-023,sensor_reading,denied,REVOKED_CREDENTIAL
2025-09-30T21:31:06+01:00,ATT-00160,usr-063,environmental_record,denied,REVOKED_CREDENTIAL
2025-09-30T21:51:20+01:00,ATT-00859,usr-039,audit_log,denied,REVOKED_CREDENTIAL
2025-09-30T22:01:49+01:00,ATT-00627,usr-061,environmental_record,denied,REVOKED_CREDENTIAL
2025-09-30T22:02:57+01:00,ATT-00795,usr-016,sensor_reading,denied,REVOKED_CREDENTIAL
2025-09-30T22:21:42+01:00,ATT-00917,sns-009,zone_config,denied,REVOKED_CREDENTIAL
2025-09-30T22:56:20+01:00,ATT-00829,usr-072,provenance_log,denied,REVOKED_CREDENTIAL
2025-09-30T23:10:30+01:00,ATT-00565,usr-017,sensor_reading,denied,REVOKED_CREDENTIAL
2025-09-30T23:25:05+01:00,ATT-00791,sns-009,zone_config,denied,REVOKED_CREDENTIAL
2025-09-30T23:34:30+01:00,ATT-00475,sns-031,zone_config,denied,REVOKED_CREDENTIAL
2025-09-30T23:37:10+01:00,ATT-00740,usr-020,provenance_log,denied,REVOKED_CREDENTIAL
2025-09-30T23:38:30+01:00,ATT-00478,usr-072,sensor_reading,denied,REVOKED_CREDENTIAL
