event_id,cert_user_id,stage_name,stage_timestamp,status
REV-004,sns-048,propagation_complete,2025-08-01T10:57:19+01:00,delayed
REV-080,usr-073,gossip,2025-08-01T23:15:56+01:00,delayed
REV-080,usr-073,propagation_complete,2025-08-01T23:35:53+01:00,delayed
REV-080,usr-073,publish,2025-08-01T23:37:09+01:00,completed
REV-021,sns-028,publish,2025-08-02T05:31:38+01:00,completed
REV-009,usr-046,cache_invalidation,2025-08-02T10:16:18+01:00,completed
REV-009,usr-046,propagation_complete,2025-08-02T10:21:12+01:00,completed
REV-123,usr-038,gossip,2025-08-02T22:03:40+01:00,completed
REV-123,usr-038,cache_invalidation,2025-08-02T22:11:42+01:00,delayed
REV-114,usr-044,cache_invalidation,2025-08-03T05:20:00+01:00,delayed
REV-114,usr-044,publish,2025-08-03T05:23:23+01:00,delayed
REV-083,sns-003,propagation_complete,2025-08-05T13:57:31+01:00,completed
REV-083,sns-003,publish,2025-08-05T13:58:50+01:00,completed
REV-083,sns-003,gossip,2025-08-05T14:13:27+01:00,delayed
REV-112,usr-090,propagation_complete,2025-08-06T06:14:01+01:00,delayed
REV-059,sns-007,gossip,2025-08-06T16:47:43+01:00,completed
REV-059,sns-007,publish,2025-08-06T16:48:54+01:00,completed
REV-059,sns-007,cache_invalidation,2025-08-06T16:53:02+01:00,completed
REV-041,usr-012,propagation_complete,2025-08-07T00:57:38+01:00,completed
REV-041,usr-012,gossip,2025-08-07T01:02:06+01:00,completed
REV-041,usr-012,cache_invalidation,2025-08-07T01:16:45+01:00,delayed
REV-090,sns-045,publish,2025-08-07T17:31:48+01:00,completed
REV-107,usr-003,publish,2025-08-09T11:44:45+01:00,completed
REV-002,usr-045,gossip,2025-08-09T12:35:26+01:00,completed
REV-082,usr-081,gossip,2025-08-11T03:45:46+01:00,completed
REV-066,usr-075,propagation_complete,2025-08-11T13:37:10+01:00,delayed
REV-061,usr-013,cache_invalidation,2025-08-12T04:41:24+01:00,completed
REV-061,usr-013,propagation_complete,2025-08-12T05:05:42+01:00,delayed
REV-132,usr-001,gossip,2025-08-12T23:43:33+01:00,completed
REV-050,usr-109,cache_invalidation,2025-08-13T02:28:01+01:00,completed
REV-128,usr-102,gossip,2025-08-13T17:22:17+01:00,completed
REV-128,usr-102,propagation_complete,2025-08-13T17:26:29+01:00,completed
REV-067,usr-065,propagation_complete,2025-08-15T06:41:57+01:00,completed
REV-067,usr-065,gossip,2025-08-15T06:55:23+01:00,delayed
REV-077,usr-004,publish,2025-08-15T13:01:26+01:00,completed
REV-077,usr-004,propagation_complete,2025-08-15T13:05:39+01:00,completed
REV-077,usr-004,gossip,2025-08-15T13:08:48+01:00,completed
REV-060,usr-089,propagation_complete,2025-08-17T18:20:09+01:00,completed
REV-052,sns-030,propagation_complete,2025-08-19T09:22:28+01:00,completed
REV-095,usr-111,publish,2025-08-19T10:36:14+01:00,delayed
REV-104,usr-043,publish,2025-08-20T10:38:58+01:00,completed
REV-011,usr-095,publish,2025-08-20T21:03:13+01:00,completed
REV-075,usr-036,cache_invalidation,2025-08-21T02:26:54+01:00,completed
REV-075,usr-036,gossip,2025-08-21T02:43:47+01:00,delayed
REV-115,sns-032,cache_invalidation,2025-08-22T04:59:27+01:00,completed
REV-115,sns-032,publish,2025-08-22T05:00:37+01:00,completed
REV-129,usr-086,gossip,2025-08-22T15:44:29+01:00,completed
REV-017,usr-029,cache_invalidation,2025-08-22T20:56:49+01:00,completed
REV-121,usr-034,propagation_complete,2025-08-22T23:01:19+01:00,completed
REV-103,usr-052,publish,2025-08-24T02:58:24+01:00,completed
REV-032,usr-106,publish,2025-08-24T15:41:56+01:00,completed
REV-015,usr-053,propagation_complete,2025-08-26T00:43:08+01:00,completed
REV-040,usr-078,gossip,2025-08-26T01:52:15+01:00,completed
REV-071,usr-116,publish,2025-08-26T01:52:48+01:00,completed
REV-040,usr-078,propagation_complete,2025-08-26T01:56:44+01:00,completed
REV-040,usr-078,publish,2025-08-26T01:57:57+01:00,completed
REV-013,usr-037,publish,2025-08-26T02:16:48+01:00,completed
REV-003,sns-004,gossip,2025-08-26T02:47:37+01:00,completed
REV-065,usr-058,gossip,2025-08-26T03:02:53+01:00,completed
REV-127,sns-036,cache_invalidation,2025-08-26T03:04:03+01:00,completed
REV-127,sns-036,publish,2025-08-26T03:05:26+01:00,completed
REV-058,sns-035,cache_invalidation,2025-08-26T03:05:31+01:00,completed
REV-058,sns-035,publish,2025-08-26T03:06:29+01:00,completed
REV-065,usr-058,publish,2025-08-26T03:07:12+01:00,delayed
REV-007,usr-031,cache_invalidation,2025-08-26T03:08:54+01:00,completed
REV-127,sns-036,gossip,2025-08-26T03:09:57+01:00,completed
REV-018,sns-006,gossip,2025-08-26T03:10:34+01:00,completed
REV-058,sns-035,propagation_complete,2025-08-26T03:11:25+01:00,completed
REV-018,sns-006,publish,2025-08-26T03:11:43+01:00,completed
REV-065,usr-058,propagation_complete,2025-08-26T03:12:51+01:00,completed
REV-010,usr-028,cache_invalidation,2025-08-26T03:21:03+01:00,completed
REV-035,usr-099,cache_invalidation,2025-08-26T03:39:55+01:00,delayed
REV-055,sns-025,cache_invalidation,2025-08-26T03:40:50+01:00,delayed
REV-014,usr-079,cache_invalidation,2025-08-26T04:37:55+01:00,completed
REV-117,usr-092,cache_invalidation,2025-08-26T04:38:34+01:00,completed
REV-078,usr-056,gossip,2025-08-26T04:40:08+01:00,completed
REV-014,usr-079,publish,2025-08-26T04:41:47+01:00,delayed
REV-014,usr-079,gossip,2025-08-26T04:46:01+01:00,completed
REV-023,sns-014,gossip,2025-08-26T04:47:46+01:00,completed
REV-049,sns-012,cache_invalidation,2025-08-27T01:24:08+01:00,completed
REV-049,sns-012,propagation_complete,2025-08-27T01:29:12+01:00,completed
REV-049,sns-012,gossip,2025-08-27T01:43:57+01:00,delayed
REV-070,usr-024,cache_invalidation,2025-08-28T08:30:43+01:00,completed
REV-028,usr-051,propagation_complete,2025-08-29T14:13:48+01:00,completed
REV-012,usr-048,publish,2025-08-30T20:39:38+01:00,delayed
REV-085,usr-097,gossip,2025-08-31T00:48:10+01:00,completed
REV-099,usr-015,gossip,2025-08-31T20:35:59+01:00,completed
REV-099,usr-015,cache_invalidation,2025-08-31T20:39:14+01:00,completed
REV-099,usr-015,publish,2025-08-31T20:40:26+01:00,completed
REV-093,usr-107,publish,2025-09-01T22:09:46+01:00,completed
REV-024,usr-008,publish,2025-09-02T18:55:38+01:00,completed
REV-024,usr-008,propagation_complete,2025-09-02T19:00:56+01:00,completed
REV-024,usr-008,gossip,2025-09-02T19:05:31+01:00,completed
REV-069,usr-011,gossip,2025-09-03T19:15:20+01:00,delayed
REV-119,usr-082,cache_invalidation,2025-09-04T03:47:06+01:00,completed
REV-119,usr-082,gossip,2025-09-04T04:00:34+01:00,delayed
REV-119,usr-082,publish,2025-09-04T04:01:51+01:00,completed
REV-108,sns-011,publish,2025-09-04T07:48:01+01:00,completed
REV-006,sns-002,cache_invalidation,2025-09-04T11:02:14+01:00,delayed
REV-022,usr-035,propagation_complete,2025-09-05T18:11:18+01:00,completed
REV-110,sns-040,publish,2025-09-05T20:43:49+01:00,delayed
REV-110,sns-040,propagation_complete,2025-09-05T20:47:50+01:00,completed
REV-110,sns-040,gossip,2025-09-05T21:01:33+01:00,delayed
REV-079,usr-026,gossip,2025-09-06T05:15:47+01:00,completed
REV-087,sns-005,gossip,2025-09-06T15:21:11+01:00,delayed
REV-068,usr-117,cache_invalidation,2025-09-07T15:13:32+01:00,completed
REV-068,usr-117,propagation_complete,2025-09-07T15:18:04+01:00,completed
REV-068,usr-117,publish,2025-09-07T15:22:25+01:00,delayed
REV-043,usr-105,publish,2025-09-07T17:26:54+01:00,completed
REV-118,usr-025,cache_invalidation,2025-09-08T02:39:47+01:00,delayed
REV-118,usr-025,propagation_complete,2025-09-08T02:45:15+01:00,completed
REV-109,usr-098,propagation_complete,2025-09-08T18:26:54+01:00,delayed
REV-109,usr-098,cache_invalidation,2025-09-08T18:30:48+01:00,completed
REV-063,usr-021,propagation_complete,2025-09-09T15:00:45+01:00,completed
REV-063,usr-021,gossip,2025-09-09T15:15:07+01:00,delayed
REV-054,usr-070,gossip,2025-09-09T20:56:52+01:00,completed
REV-054,usr-070,propagation_complete,2025-09-09T21:01:43+01:00,completed
REV-054,usr-070,publish,2025-09-09T21:03:07+01:00,completed
REV-039,usr-049,gossip,2025-09-10T04:06:26+01:00,completed
REV-047,usr-085,gossip,2025-09-11T07:04:55+01:00,completed
REV-047,usr-085,publish,2025-09-11T07:06:05+01:00,completed
REV-047,usr-085,propagation_complete,2025-09-11T07:10:52+01:00,completed
REV-074,sns-041,propagation_complete,2025-09-12T14:44:37+01:00,delayed
REV-016,usr-094,gossip,2025-09-13T17:13:37+01:00,completed
REV-092,sns-050,gossip,2025-09-14T03:21:49+01:00,completed
REV-042,usr-076,propagation_complete,2025-09-14T19:48:26+01:00,completed
REV-053,usr-066,publish,2025-09-15T08:12:51+01:00,delayed
REV-053,usr-066,cache_invalidation,2025-09-15T08:16:05+01:00,completed
REV-053,usr-066,gossip,2025-09-15T08:21:21+01:00,completed
REV-029,usr-087,cache_invalidation,2025-09-15T08:37:41+01:00,completed
REV-131,sns-044,cache_invalidation,2025-09-16T05:22:45+01:00,completed
REV-116,usr-055,propagation_complete,2025-09-16T23:56:04+01:00,completed
REV-116,usr-055,publish,2025-09-16T23:57:22+01:00,completed
REV-116,usr-055,gossip,2025-09-17T00:01:52+01:00,delayed
REV-044,sns-023,gossip,2025-09-20T13:29:22+01:00,delayed
REV-044,sns-023,propagation_complete,2025-09-20T13:47:35+01:00,delayed
REV-044,sns-023,cache_invalidation,2025-09-20T13:51:27+01:00,completed
REV-048,usr-016,publish,2025-09-20T16:50:44+01:00,delayed
REV-051,usr-040,cache_invalidation,2025-09-20T17:00:38+01:00,delayed
REV-036,usr-047,gossip,2025-09-20T17:01:23+01:00,completed
REV-126,usr-023,publish,2025-09-20T17:07:45+01:00,delayed
REV-113,usr-061,publish,2025-09-20T17:11:24+01:00,delayed
REV-113,usr-061,cache_invalidation,2025-09-20T17:14:30+01:00,completed
REV-088,usr-019,gossip,2025-09-20T17:36:14+01:00,completed
REV-088,usr-019,publish,2025-09-20T17:37:26+01:00,completed
REV-008,usr-002,publish,2025-09-20T17:50:37+01:00,completed
REV-056,sns-024,cache_invalidation,2025-09-20T18:00:42+01:00,completed
REV-005,usr-119,publish,2025-09-20T18:10:56+01:00,delayed
REV-130,usr-115,propagation_complete,2025-09-20T18:27:31+01:00,completed
REV-084,sns-001,gossip,2025-09-20T18:44:07+01:00,completed
REV-101,usr-039,publish,2025-09-20T18:57:06+01:00,completed
REV-086,usr-030,gossip,2025-09-20T18:57:38+01:00,delayed
REV-025,sns-031,publish,2025-09-20T18:59:24+01:00,completed
REV-025,sns-031,propagation_complete,2025-09-20T19:21:50+01:00,delayed
REV-062,sns-029,publish,2025-09-20T19:28:00+01:00,completed
REV-031,usr-112,cache_invalidation,2025-09-20T19:36:24+01:00,completed
REV-031,usr-112,publish,2025-09-20T19:37:41+01:00,completed
REV-046,usr-100,gossip,2025-09-20T19:40:42+01:00,completed
REV-026,sns-034,gossip,2025-09-20T19:43:11+01:00,completed
REV-046,usr-100,cache_invalidation,2025-09-20T19:44:42+01:00,completed
REV-001,usr-120,gossip,2025-09-20T19:49:36+01:00,delayed
REV-001,usr-120,publish,2025-09-20T19:50:51+01:00,completed
REV-001,usr-120,propagation_complete,2025-09-20T19:55:24+01:00,completed
REV-037,usr-114,cache_invalidation,2025-09-20T20:29:10+01:00,completed
REV-102,usr-063,publish,2025-09-21T18:08:30+01:00,delayed
REV-027,usr-072,publish,2025-09-22T05:20:47+01:00,delayed
REV-064,usr-017,publish,2025-09-22T05:25:57+01:00,completed
REV-034,usr-022,cache_invalidation,2025-09-22T05:36:37+01:00,completed
REV-081,usr-104,propagation_complete,2025-09-22T05:49:26+01:00,completed
REV-081,usr-104,cache_invalidation,2025-09-22T05:53:01+01:00,completed
REV-105,sns-038,cache_invalidation,2025-09-22T05:53:08+01:00,completed
REV-081,usr-104,gossip,2025-09-22T05:57:31+01:00,completed
REV-030,usr-041,gossip,2025-09-22T06:04:54+01:00,completed
REV-030,usr-041,cache_invalidation,2025-09-22T06:08:22+01:00,completed
REV-038,usr-077,publish,2025-09-22T06:32:58+01:00,completed
REV-120,sns-026,cache_invalidation,2025-09-22T06:37:03+01:00,delayed
REV-097,usr-059,cache_invalidation,2025-09-22T06:40:57+01:00,completed
REV-122,sns-047,gossip,2025-09-22T06:41:07+01:00,completed
REV-097,usr-059,propagation_complete,2025-09-22T06:46:19+01:00,completed
REV-096,usr-054,publish,2025-09-22T06:49:00+01:00,delayed
REV-073,usr-027,publish,2025-09-22T06:53:55+01:00,completed
REV-033,sns-042,publish,2025-09-22T07:05:17+01:00,completed
REV-019,sns-027,publish,2025-09-22T07:12:38+01:00,delayed
REV-091,sns-020,cache_invalidation,2025-09-22T07:16:37+01:00,delayed
REV-057,usr-009,gossip,2025-09-22T07:22:40+01:00,completed
REV-020,usr-042,gossip,2025-09-22T07:24:14+01:00,completed
REV-076,sns-021,gossip,2025-09-22T07:28:31+01:00,completed
REV-045,sns-037,publish,2025-09-22T07:28:34+01:00,delayed
REV-076,sns-021,propagation_complete,2025-09-22T07:33:16+01:00,completed
REV-124,sns-043,propagation_complete,2025-09-22T08:12:22+01:00,completed
REV-106,sns-019,cache_invalidation,2025-09-23T02:43:43+01:00,delayed
REV-089,usr-020,publish,2025-09-24T18:49:43+01:00,completed
REV-125,sns-039,propagation_complete,2025-09-24T21:54:12+01:00,completed
REV-100,sns-008,cache_invalidation,2025-09-25T11:31:31+01:00,completed
REV-094,sns-016,cache_invalidation,2025-09-25T23:15:17+01:00,completed
REV-094,sns-016,publish,2025-09-25T23:22:14+01:00,delayed
REV-098,usr-033,publish,2025-09-26T09:17:28+01:00,completed
REV-098,usr-033,propagation_complete,2025-09-26T09:22:26+01:00,completed
REV-111,usr-067,propagation_complete,2025-09-27T07:16:19+01:00,delayed
REV-072,sns-009,cache_invalidation,2025-09-27T07:25:03+01:00,completed
