plot_id,crop,treatment,date,irrigation_event,volume_m3
PEP-B1-TRAD,pepper,traditional,2025-08-01,drip_irrigation,5.54
PEP-B3-BIOT,pepper,blockchain_iot,2025-08-01,drip_irrigation,7.42
PEP-B3-TRAD,pepper,traditional,2025-08-01,drip_irrigation,6.52
TOM-B1-BIOT,tomato,blockchain_iot,2025-08-01,drip_irrigation,9.19
TOM-B1-TRAD,tomato,traditional,2025-08-01,drip_irrigation,10.46
TOM-B2-BIOT,tomato,blockchain_iot,2025-08-01,drip_irrigation,11.02
TOM-B2-TRAD,tomato,traditional,2025-08-01,drip_irrigation,9.31
TOM-B3-TRAD,tomato,traditional,2025-08-01,drip_irrigation,9.85
PEP-B1-BIOT,pepper,blockchain_iot,2025-08-02,drip_irrigation,6.2
PEP-B1-TRAD,pepper,traditional,2025-08-02,drip_irrigation,6.08
PEP-B3-TRAD,pepper,traditional,2025-08-02,drip_irrigation,7.06
TOM-B1-BIOT,tomato,blockchain_iot,2025-08-02,drip_irrigation,11.6
TOM-B1-TRAD,tomato,traditional,2025-08-02,drip_irrigation,10.09
TOM-B2-BIOT,tomato,blockchain_iot,2025-08-02,drip_irrigation,9.75
TOM-B2-TRAD,tomato,traditional,2025-08-02,drip_irrigation,10.94
TOM-B3-BIOT,tomato,blockchain_iot,2025-08-02,drip_irrigation,13.41
TOM-B3-TRAD,tomato,traditional,2025-08-02,drip_irrigation,8.66
PEP-B1-BIOT,pepper,blockchain_iot,2025-08-03,drip_irrigation,7.66
PEP-B1-TRAD,pepper,traditional,2025-08-03,drip_irrigation,8.24
PEP-B2-TRAD,pepper,traditional,2025-08-03,drip_irrigation,5.93
PEP-B3-TRAD,pepper,traditional,2025-08-03,drip_irrigation,4.96
TOM-B1-TRAD,tomato,traditional,2025-08-03,drip_irrigation,7.85
TOM-B2-TRAD,tomato,traditional,2025-08-03,drip_irrigation,11.63
TOM-B3-TRAD,tomato,traditional,2025-08-03,drip_irrigation,10.41
PEP-B1-TRAD,pepper,traditional,2025-08-04,drip_irrigation,6.66
PEP-B2-BIOT,pepper,blockchain_iot,2025-08-04,drip_irrigation,9.16
PEP-B2-TRAD,pepper,traditional,2025-08-04,drip_irrigation,7.32
PEP-B3-BIOT,pepper,blockchain_iot,2025-08-04,drip_irrigation,7.81
PEP-B3-TRAD,pepper,traditional,2025-08-04,drip_irrigation,6.88
TOM-B1-BIOT,tomato,blockchain_iot,2025-08-04,drip_irrigation,8.65
TOM-B2-TRAD,tomato,traditional,2025-08-04,drip_irrigation,9.42
TOM-B3-BIOT,tomato,blockchain_iot,2025-08-04,drip_irrigation,11.56
TOM-B3-TRAD,tomato,traditional,2025-08-04,drip_irrigation,7.56
PEP-B1-BIOT,pepper,blockchain_iot,2025-08-05,drip_irrigation,6.35
PEP-B1-TRAD,pepper,traditional,2025-08-05,drip_irrigation,6.31
PEP-B2-BIOT,pepper,blockchain_iot,2025-08-05,drip_irrigation,6.89
PEP-B2-TRAD,pepper,traditional,2025-08-05,drip_irrigation,6.16
PEP-B3-BIOT,pepper,blockchain_iot,2025-08-05,drip_irrigation,7.37
TOM-B1-BIOT,tomato,blockchain_iot,2025-08-05,drip_irrigation,11.27
TOM-B1-TRAD,tomato,traditional,2025-08-05,drip_irrigation,8.42
TOM-B2-BIOT,tomato,blockchain_iot,2025-08-05,drip_irrigation,11.71
TOM-B2-TRAD,tomato,traditional,2025-08-05,drip_irrigation,9.99
TOM-B3-TRAD,tomato,traditional,2025-08-05,drip_irrigation,7.86
PEP-B1-BIOT,pepper,blockchain_iot,2025-08-06,drip_irrigation,7.24
PEP-B2-BIOT,pepper,blockchain_iot,2025-08-06,drip_irrigation,7.97
PEP-B3-BIOT,pepper,blockchain_iot,2025-08-06,drip_irrigation,8.36
PEP-B3-TRAD,pepper,traditional,2025-08-06,drip_irrigation,4.78
TOM-B1-BIOT,tomato,blockchain_iot,2025-08-06,drip_irrigation,8.03
TOM-B1-TRAD,tomato,traditional,2025-08-06,drip_irrigation,9.71
TOM-B2-TRAD,tomato,traditional,2025-08-06,drip_irrigation,8.76
TOM-B3-BIOT,tomato,blockchain_iot,2025-08-06,drip_irrigation,11.11
TOM-B3-TRAD,tomato,traditional,2025-08-06,drip_irrigation,10.07
PEP-B1-BIOT,pepper,blockchain_iot,2025-08-07,drip_irrigation,5.69
PEP-B1-TRAD,pepper,traditional,2025-08-07,drip_irrigation,7.39
PEP-B2-BIOT,pepper,blockchain_iot,2025-08-07,drip_irrigation,9.23
PEP-B2-TRAD,pepper,traditional,2025-08-07,drip_irrigation,7.04
PEP-B3-BIOT,pepper,blockchain_iot,2025-08-07,drip_irrigation,8.09
PEP-B3-TRAD,pepper,traditional,2025-08-07,drip_irrigation,5.98
TOM-B1-BIOT,tomato,blockchain_iot,2025-08-07,drip_irrigation,6.3
TOM-B1-TRAD,tomato,traditional,2025-08-07,drip_irrigation,10.37
TOM-B2-TRAD,tomato,traditional,2025-08-07,drip_irrigation,9.9
TOM-B3-BIOT,tomato,blockchain_iot,2025-08-07,drip_irrigation,11.17
TOM-B3-TRAD,tomato,traditional,2025-08-07,drip_irrigation,10.31
PEP-B1-TRAD,pepper,traditional,2025-08-08,drip_irrigation,6.51
PEP-B2-TRAD,pepper,traditional,2025-08-08,drip_irrigation,5.76
PEP-B3-BIOT,pepper,blockchain_iot,2025-08-08,drip_irrigation,7.22
TOM-B1-BIOT,tomato,blockchain_iot,2025-08-08,drip_irrigation,9.44
TOM-B1-TRAD,tomato,traditional,2025-08-08,drip_irrigation,10.48
TOM-B2-BIOT,tomato,blockchain_iot,2025-08-08,drip_irrigation,12.44
TOM-B2-TRAD,tomato,traditional,2025-08-08,drip_irrigation,10.9
TOM-B3-TRAD,tomato,traditional,2025-08-08,drip_irrigation,9.3
PEP-B1-BIOT,pepper,blockchain_iot,2025-08-09,drip_irrigation,6.66
PEP-B1-TRAD,pepper,traditional,2025-08-09,drip_irrigation,7.71
PEP-B2-BIOT,pepper,blockchain_iot,2025-08-09,drip_irrigation,9.32
PEP-B2-TRAD,pepper,traditional,2025-08-09,drip_irrigation,7.89
PEP-B3-BIOT,pepper,blockchain_iot,2025-08-09,drip_irrigation,10.75
PEP-B3-TRAD,pepper,traditional,2025-08-09,drip_irrigation,6.11
TOM-B1-BIOT,tomato,blockchain_iot,2025-08-09,drip_irrigation,8.96
TOM-B1-TRAD,tomato,traditional,2025-08-09,drip_irrigation,8.95
TOM-B2-BIOT,tomato,blockchain_iot,2025-08-09,drip_irrigation,9.17
TOM-B2-TRAD,tomato,traditional,2025-08-09,drip_irrigation,9.06
PEP-B1-TRAD,pepper,traditional,2025-08-10,drip_irrigation,6.09
PEP-B2-TRAD,pepper,traditional,2025-08-10,drip_irrigation,6.29
PEP-B3-BIOT,pepper,blockchain_iot,2025-08-10,drip_irrigation,6.68
PEP-B3-TRAD,pepper,traditional,2025-08-10,drip_irrigation,7.23
TOM-B1-TRAD,tomato,traditional,2025-08-10,drip_irrigation,7.98
TOM-B2-TRAD,tomato,traditional,2025-08-10,drip_irrigation,10.99
TOM-B3-BIOT,tomato,blockchain_iot,2025-08-10,drip_irrigation,11.13
TOM-B3-TRAD,tomato,traditional,2025-08-10,drip_irrigation,10.75
PEP-B1-BIOT,pepper,blockchain_iot,2025-08-11,drip_irrigation,6.34
PEP-B1-TRAD,pepper,traditional,2025-08-11,drip_irrigation,6.92
PEP-B2-TRAD,pepper,traditional,2025-08-11,drip_irrigation,7.14
PEP-B3-TRAD,pepper,traditional,2025-08-11,drip_irrigation,4.68
TOM-B1-BIOT,tomato,blockchain_iot,2025-08-11,drip_irrigation,11.75
TOM-B2-TRAD,tomato,traditional,2025-08-11,drip_irrigation,7.05
TOM-B3-TRAD,tomato,traditional,2025-08-11,drip_irrigation,10.87
PEP-B1-TRAD,pepper,traditional,2025-08-12,drip_irrigation,5.36
PEP-B2-BIOT,pepper,blockchain_iot,2025-08-12,drip_irrigation,7.98
PEP-B3-BIOT,pepper,blockchain_iot,2025-08-12,drip_irrigation,6.45
PEP-B3-TRAD,pepper,traditional,2025-08-12,drip_irrigation,6.3
TOM-B1-TRAD,tomato,traditional,2025-08-12,drip_irrigation,8.52
TOM-B2-BIOT,tomato,blockchain_iot,2025-08-12,drip_irrigation,9.56
TOM-B2-TRAD,tomato,traditional,2025-08-12,drip_irrigation,10.08
TOM-B3-BIOT,tomato,blockchain_iot,2025-08-12,drip_irrigation,10.71
TOM-B3-TRAD,tomato,traditional,2025-08-12,drip_irrigation,7.85
PEP-B1-BIOT,pepper,blockchain_iot,2025-08-13,drip_irrigation,7.34
PEP-B3-TRAD,pepper,traditional,2025-08-13,drip_irrigation,6.77
TOM-B1-TRAD,tomato,traditional,2025-08-13,drip_irrigation,7.97
TOM-B2-BIOT,tomato,blockchain_iot,2025-08-13,drip_irrigation,8.99
TOM-B2-TRAD,tomato,traditional,2025-08-13,drip_irrigation,11.83
TOM-B3-BIOT,tomato,blockchain_iot,2025-08-13,drip_irrigation,11.67
PEP-B1-BIOT,pepper,blockchain_iot,2025-08-14,drip_irrigation,6.45
PEP-B1-TRAD,pepper,traditional,2025-08-14,drip_irrigation,5.9
PEP-B2-BIOT,pepper,blockchain_iot,2025-08-14,drip_irrigation,6.39
PEP-B2-TRAD,pepper,traditional,2025-08-14,drip_irrigation,6.03
PEP-B3-TRAD,pepper,traditional,2025-08-14,drip_irrigation,5.37
TOM-B1-BIOT,tomato,blockchain_iot,2025-08-14,drip_irrigation,11.42
TOM-B1-TRAD,tomato,traditional,2025-08-14,drip_irrigation,10.57
TOM-B2-BIOT,tomato,blockchain_iot,2025-08-14,drip_irrigation,9.45
TOM-B2-TRAD,tomato,traditional,2025-08-14,drip_irrigation,8.77
TOM-B3-TRAD,tomato,traditional,2025-08-14,drip_irrigation,9.3
PEP-B1-BIOT,pepper,blockchain_iot,2025-08-15,drip_irrigation,8.94
PEP-B1-TRAD,pepper,traditional,2025-08-15,drip_irrigation,7.07
PEP-B2-BIOT,pepper,blockchain_iot,2025-08-15,drip_irrigation,9.02
PEP-B2-TRAD,pepper,traditional,2025-08-15,drip_irrigation,6.37
PEP-B3-TRAD,pepper,traditional,2025-08-15,drip_irrigation,5.7
TOM-B1-BIOT,tomato,blockchain_iot,2025-08-15,drip_irrigation,8.49
TOM-B1-TRAD,tomato,traditional,2025-08-15,drip_irrigation,6.3
TOM-B2-TRAD,tomato,traditional,2025-08-15,drip_irrigation,10.42
TOM-B3-BIOT,tomato,blockchain_iot,2025-08-15,drip_irrigation,11.46
TOM-B3-TRAD,tomato,traditional,2025-08-15,drip_irrigation,8.67
PEP-B1-TRAD,pepper,traditional,2025-08-16,drip_irrigation,5.75
PEP-B2-BIOT,pepper,blockchain_iot,2025-08-16,drip_irrigation,6.69
PEP-B2-TRAD,pepper,traditional,2025-08-16,drip_irrigation,8.07
PEP-B3-BIOT,pepper,blockchain_iot,2025-08-16,drip_irrigation,8.12
TOM-B1-TRAD,tomato,traditional,2025-08-16,drip_irrigation,9.16
TOM-B2-BIOT,tomato,blockchain_iot,2025-08-16,drip_irrigation,10.43
TOM-B3-BIOT,tomato,blockchain_iot,2025-08-16,drip_irrigation,10.3
TOM-B3-TRAD,tomato,traditional,2025-08-16,drip_irrigation,11.88
PEP-B1-BIOT,pepper,blockchain_iot,2025-08-17,drip_irrigation,7.71
PEP-B2-BIOT,pepper,blockchain_iot,2025-08-17,drip_irrigation,7.59
PEP-B2-TRAD,pepper,traditional,2025-08-17,drip_irrigation,7.96
PEP-B3-BIOT,pepper,blockchain_iot,2025-08-17,drip_irrigation,8.09
PEP-B3-TRAD,pepper,traditional,2025-08-17,drip_irrigation,7.06
TOM-B1-TRAD,tomato,traditional,2025-08-17,drip_irrigation,10.29
TOM-B3-BIOT,tomato,blockchain_iot,2025-08-17,drip_irrigation,13.06
TOM-B3-TRAD,tomato,traditional,2025-08-17,drip_irrigation,7.17
PEP-B2-TRAD,pepper,traditional,2025-08-18,drip_irrigation,6.77
TOM-B1-BIOT,tomato,blockchain_iot,2025-08-18,drip_irrigation,11.7
TOM-B1-TRAD,tomato,traditional,2025-08-18,drip_irrigation,11.84
TOM-B2-BIOT,tomato,blockchain_iot,2025-08-18,drip_irrigation,12.43
TOM-B2-TRAD,tomato,traditional,2025-08-18,drip_irrigation,12.0
TOM-B3-BIOT,tomato,blockchain_iot,2025-08-18,drip_irrigation,10.93
PEP-B1-BIOT,pepper,blockchain_iot,2025-08-19,drip_irrigation,6.91
PEP-B1-TRAD,pepper,traditional,2025-08-19,drip_irrigation,7.98
PEP-B2-TRAD,pepper,traditional,2025-08-19,drip_irrigation,7.53
PEP-B3-BIOT,pepper,blockchain_iot,2025-08-19,drip_irrigation,7.68
PEP-B3-TRAD,pepper,traditional,2025-08-19,drip_irrigation,7.89
TOM-B1-BIOT,tomato,blockchain_iot,2025-08-19,drip_irrigation,8.82
TOM-B1-TRAD,tomato,traditional,2025-08-19,drip_irrigation,9.75
TOM-B2-BIOT,tomato,blockchain_iot,2025-08-19,drip_irrigation,12.66
TOM-B2-TRAD,tomato,traditional,2025-08-19,drip_irrigation,10.78
TOM-B3-BIOT,tomato,blockchain_iot,2025-08-19,drip_irrigation,13.2
TOM-B3-TRAD,tomato,traditional,2025-08-19,drip_irrigation,10.6
PEP-B1-TRAD,pepper,traditional,2025-08-20,drip_irrigation,7.34
PEP-B3-BIOT,pepper,blockchain_iot,2025-08-20,drip_irrigation,9.31
TOM-B1-TRAD,tomato,traditional,2025-08-20,drip_irrigation,11.09
TOM-B2-BIOT,tomato,blockchain_iot,2025-08-20,drip_irrigation,9.61
TOM-B2-TRAD,tomato,traditional,2025-08-20,drip_irrigation,8.69
TOM-B3-TRAD,tomato,traditional,2025-08-20,drip_irrigation,10.86
PEP-B1-BIOT,pepper,blockchain_iot,2025-08-21,drip_irrigation,6.73
PEP-B2-BIOT,pepper,blockchain_iot,2025-08-21,drip_irrigation,7.63
PEP-B2-TRAD,pepper,traditional,2025-08-21,drip_irrigation,7.8
PEP-B3-TRAD,pepper,traditional,2025-08-21,drip_irrigation,6.93
TOM-B1-BIOT,tomato,blockchain_iot,2025-08-21,drip_irrigation,10.25
TOM-B1-TRAD,tomato,traditional,2025-08-21,drip_irrigation,9.07
TOM-B2-TRAD,tomato,traditional,2025-08-21,drip_irrigation,11.12
TOM-B3-BIOT,tomato,blockchain_iot,2025-08-21,drip_irrigation,8.65
TOM-B3-TRAD,tomato,traditional,2025-08-21,drip_irrigation,8.7
PEP-B1-BIOT,pepper,blockchain_iot,2025-08-22,drip_irrigation,6.69
PEP-B1-TRAD,pepper,traditional,2025-08-22,drip_irrigation,6.23
PEP-B3-BIOT,pepper,blockchain_iot,2025-08-22,drip_irrigation,6.3
PEP-B3-TRAD,pepper,traditional,2025-08-22,drip_irrigation,6.72
TOM-B1-TRAD,tomato,traditional,2025-08-22,drip_irrigation,8.57
TOM-B2-TRAD,tomato,traditional,2025-08-22,drip_irrigation,8.52
TOM-B3-TRAD,tomato,traditional,2025-08-22,drip_irrigation,10.98
PEP-B1-BIOT,pepper,blockchain_iot,2025-08-23,drip_irrigation,8.57
PEP-B1-TRAD,pepper,traditional,2025-08-23,drip_irrigation,5.3
PEP-B2-BIOT,pepper,blockchain_iot,2025-08-23,drip_irrigation,9.64
PEP-B2-TRAD,pepper,traditional,2025-08-23,drip_irrigation,6.06
PEP-B3-TRAD,pepper,traditional,2025-08-23,drip_irrigation,5.91
TOM-B1-BIOT,tomato,blockchain_iot,2025-08-23,drip_irrigation,9.93
TOM-B1-TRAD,tomato,traditional,2025-08-23,drip_irrigation,8.67
TOM-B2-BIOT,tomato,blockchain_iot,2025-08-23,drip_irrigation,12.89
TOM-B2-TRAD,tomato,traditional,2025-08-23,drip_irrigation,7.18
TOM-B3-BIOT,tomato,blockchain_iot,2025-08-23,drip_irrigation,10.62
TOM-B3-TRAD,tomato,traditional,2025-08-23,drip_irrigation,8.79
PEP-B1-BIOT,pepper,blockchain_iot,2025-08-24,drip_irrigation,6.13
PEP-B1-TRAD,pepper,traditional,2025-08-24,drip_irrigation,7.02
PEP-B2-TRAD,pepper,traditional,2025-08-24,drip_irrigation,7.85
PEP-B3-BIOT,pepper,blockchain_iot,2025-08-24,drip_irrigation,10.59
PEP-B3-TRAD,pepper,traditional,2025-08-24,drip_irrigation,7.3
TOM-B1-BIOT,tomato,blockchain_iot,2025-08-24,drip_irrigation,10.56
TOM-B1-TRAD,tomato,traditional,2025-08-24,drip_irrigation,11.85
TOM-B2-BIOT,tomato,blockchain_iot,2025-08-24,drip_irrigation,12.59
TOM-B2-TRAD,tomato,traditional,2025-08-24,drip_irrigation,9.55
TOM-B3-BIOT,tomato,blockchain_iot,2025-08-24,drip_irrigation,12.92
TOM-B3-TRAD,tomato,traditional,2025-08-24,drip_irrigation,11.22
PEP-B1-TRAD,pepper,traditional,2025-08-25,drip_irrigation,7.1
PEP-B2-TRAD,pepper,traditional,2025-08-25,drip_irrigation,5.7
PEP-B3-BIOT,pepper,blockchain_iot,2025-08-25,drip_irrigation,7.94
PEP-B3-TRAD,pepper,traditional,2025-08-25,drip_irrigation,5.64
TOM-B1-BIOT,tomato,blockchain_iot,2025-08-25,drip_irrigation,11.66
TOM-B1-TRAD,tomato,traditional,2025-08-25,drip_irrigation,11.08
TOM-B2-TRAD,tomato,traditional,2025-08-25,drip_irrigation,10.02
TOM-B3-BIOT,tomato,blockchain_iot,2025-08-25,drip_irrigation,9.79
TOM-B3-TRAD,tomato,traditional,2025-08-25,drip_irrigation,12.09
PEP-B1-TRAD,pepper,traditional,2025-08-26,drip_irrigation,7.4
PEP-B2-BIOT,pepper,blockchain_iot,2025-08-26,drip_irrigation,7.72
PEP-B2-TRAD,pepper,traditional,2025-08-26,drip_irrigation,6.48
PEP-B3-TRAD,pepper,traditional,2025-08-26,drip_irrigation,5.23
TOM-B1-BIOT,tomato,blockchain_iot,2025-08-26,drip_irrigation,11.38
TOM-B1-TRAD,tomato,traditional,2025-08-26,drip_irrigation,10.35
TOM-B2-TRAD,tomato,traditional,2025-08-26,drip_irrigation,10.53
TOM-B3-BIOT,tomato,blockchain_iot,2025-08-26,drip_irrigation,11.37
TOM-B3-TRAD,tomato,traditional,2025-08-26,drip_irrigation,7.36
PEP-B1-BIOT,pepper,blockchain_iot,2025-08-27,drip_irrigation,6.15
PEP-B1-TRAD,pepper,traditional,2025-08-27,drip_irrigation,5.21
PEP-B2-BIOT,pepper,blockchain_iot,2025-08-27,drip_irrigation,9.68
PEP-B2-TRAD,pepper,traditional,2025-08-27,drip_irrigation,6.49
PEP-B3-TRAD,pepper,traditional,2025-08-27,drip_irrigation,6.17
TOM-B1-TRAD,tomato,traditional,2025-08-27,drip_irrigation,14.46
TOM-B2-BIOT,tomato,blockchain_iot,2025-08-27,drip_irrigation,10.46
TOM-B2-TRAD,tomato,traditional,2025-08-27,drip_irrigation,8.93
TOM-B3-TRAD,tomato,traditional,2025-08-27,drip_irrigation,10.41
PEP-B1-TRAD,pepper,traditional,2025-08-28,drip_irrigation,5.58
PEP-B2-BIOT,pepper,blockchain_iot,2025-08-28,drip_irrigation,7.79
PEP-B2-TRAD,pepper,traditional,2025-08-28,drip_irrigation,7.37
PEP-B3-TRAD,pepper,traditional,2025-08-28,drip_irrigation,7.72
TOM-B1-BIOT,tomato,blockchain_iot,2025-08-28,drip_irrigation,10.93
TOM-B1-TRAD,tomato,traditional,2025-08-28,drip_irrigation,9.6
TOM-B2-BIOT,tomato,blockchain_iot,2025-08-28,drip_irrigation,7.76
TOM-B2-TRAD,tomato,traditional,2025-08-28,drip_irrigation,6.06
TOM-B3-TRAD,tomato,traditional,2025-08-28,drip_irrigation,10.29
PEP-B1-TRAD,pepper,traditional,2025-08-29,drip_irrigation,6.37
PEP-B2-TRAD,pepper,traditional,2025-08-29,drip_irrigation,6.35
TOM-B1-TRAD,tomato,traditional,2025-08-29,drip_irrigation,10.54
TOM-B2-BIOT,tomato,blockchain_iot,2025-08-29,drip_irrigation,9.74
TOM-B2-TRAD,tomato,traditional,2025-08-29,drip_irrigation,7.69
TOM-B3-BIOT,tomato,blockchain_iot,2025-08-29,drip_irrigation,13.19
TOM-B3-TRAD,tomato,traditional,2025-08-29,drip_irrigation,8.68
PEP-B1-TRAD,pepper,traditional,2025-08-30,drip_irrigation,7.8
PEP-B2-BIOT,pepper,blockchain_iot,2025-08-30,drip_irrigation,9.15
PEP-B2-TRAD,pepper,traditional,2025-08-30,drip_irrigation,5.53
PEP-B3-BIOT,pepper,blockchain_iot,2025-08-30,drip_irrigation,10.35
PEP-B3-TRAD,pepper,traditional,2025-08-30,drip_irrigation,5.96
TOM-B1-BIOT,tomato,blockchain_iot,2025-08-30,drip_irrigation,11.4
TOM-B1-TRAD,tomato,traditional,2025-08-30,drip_irrigation,10.09
TOM-B2-BIOT,tomato,blockchain_iot,2025-08-30,drip_irrigation,11.55
TOM-B3-BIOT,tomato,blockchain_iot,2025-08-30,drip_irrigation,10.65
TOM-B3-TRAD,tomato,traditional,2025-08-30,drip_irrigation,9.95
PEP-B1-TRAD,pepper,traditional,2025-08-31,drip_irrigation,8.38
PEP-B2-BIOT,pepper,blockchain_iot,2025-08-31,drip_irrigation,8.07
PEP-B2-TRAD,pepper,traditional,2025-08-31,drip_irrigation,6.96
PEP-B3-BIOT,pepper,blockchain_iot,2025-08-31,drip_irrigation,8.3
PEP-B3-TRAD,pepper,traditional,2025-08-31,drip_irrigation,6.65
TOM-B1-TRAD,tomato,traditional,2025-08-31,drip_irrigation,9.32
TOM-B2-BIOT,tomato,blockchain_iot,2025-08-31,drip_irrigation,10.51
TOM-B2-TRAD,tomato,traditional,2025-08-31,drip_irrigation,11.63
TOM-B3-BIOT,tomato,blockchain_iot,2025-08-31,drip_irrigation,11.7
TOM-B3-TRAD,tomato,traditional,2025-08-31,drip_irrigation,8.02
PEP-B1-BIOT,pepper,blockchain_iot,2025-09-01,drip_irrigation,7.16
PEP-B1-TRAD,pepper,traditional,2025-09-01,drip_irrigation,6.36
PEP-B2-BIOT,pepper,blockchain_iot,2025-09-01,drip_irrigation,7.16
PEP-B3-TRAD,pepper,traditional,2025-09-01,drip_irrigation,7.94
TOM-B1-TRAD,tomato,traditional,2025-09-01,drip_irrigation,9.45
TOM-B2-BIOT,tomato,blockchain_iot,2025-09-01,drip_irrigation,10.29
TOM-B2-TRAD,tomato,traditional,2025-09-01,drip_irrigation,8.08
TOM-B3-TRAD,tomato,traditional,2025-09-01,drip_irrigation,12.03
PEP-B1-TRAD,pepper,traditional,2025-09-02,drip_irrigation,6.09
PEP-B2-BIOT,pepper,blockchain_iot,2025-09-02,drip_irrigation,8.57
PEP-B2-TRAD,pepper,traditional,2025-09-02,drip_irrigation,8.48
PEP-B3-BIOT,pepper,blockchain_iot,2025-09-02,drip_irrigation,5.05
PEP-B3-TRAD,pepper,traditional,2025-09-02,drip_irrigation,5.91
TOM-B1-TRAD,tomato,traditional,2025-09-02,drip_irrigation,9.94
TOM-B2-TRAD,tomato,traditional,2025-09-02,drip_irrigation,10.29
TOM-B3-BIOT,tomato,blockchain_iot,2025-09-02,drip_irrigation,8.63
PEP-B1-TRAD,pepper,traditional,2025-09-03,drip_irrigation,6.56
PEP-B2-BIOT,pepper,blockchain_iot,2025-09-03,drip_irrigation,7.54
PEP-B3-BIOT,pepper,blockchain_iot,2025-09-03,drip_irrigation,8.13
PEP-B3-TRAD,pepper,traditional,2025-09-03,drip_irrigation,6.35
TOM-B1-BIOT,tomato,blockchain_iot,2025-09-03,drip_irrigation,10.1
TOM-B1-TRAD,tomato,traditional,2025-09-03,drip_irrigation,12.35
TOM-B2-TRAD,tomato,traditional,2025-09-03,drip_irrigation,9.28
TOM-B3-BIOT,tomato,blockchain_iot,2025-09-03,drip_irrigation,8.74
TOM-B3-TRAD,tomato,traditional,2025-09-03,drip_irrigation,10.65
PEP-B1-BIOT,pepper,blockchain_iot,2025-09-04,drip_irrigation,7.73
PEP-B1-TRAD,pepper,traditional,2025-09-04,drip_irrigation,6.36
PEP-B3-BIOT,pepper,blockchain_iot,2025-09-04,drip_irrigation,6.26
PEP-B3-TRAD,pepper,traditional,2025-09-04,drip_irrigation,7.76
TOM-B1-TRAD,tomato,traditional,2025-09-04,drip_irrigation,14.01
TOM-B2-BIOT,tomato,blockchain_iot,2025-09-04,drip_irrigation,11.16
TOM-B2-TRAD,tomato,traditional,2025-09-04,drip_irrigation,12.53
TOM-B3-BIOT,tomato,blockchain_iot,2025-09-04,drip_irrigation,10.34
TOM-B3-TRAD,tomato,traditional,2025-09-04,drip_irrigation,10.26
PEP-B2-TRAD,pepper,traditional,2025-09-05,drip_irrigation,7.89
PEP-B3-BIOT,pepper,blockchain_iot,2025-09-05,drip_irrigation,7.92
PEP-B3-TRAD,pepper,traditional,2025-09-05,drip_irrigation,5.3
TOM-B1-TRAD,tomato,traditional,2025-09-05,drip_irrigation,11.46
TOM-B2-BIOT,tomato,blockchain_iot,2025-09-05,drip_irrigation,7.95
TOM-B3-TRAD,tomato,traditional,2025-09-05,drip_irrigation,11.85
PEP-B1-BIOT,pepper,blockchain_iot,2025-09-06,drip_irrigation,6.82
PEP-B1-TRAD,pepper,traditional,2025-09-06,drip_irrigation,4.29
TOM-B1-BIOT,tomato,blockchain_iot,2025-09-06,drip_irrigation,14.13
TOM-B1-TRAD,tomato,traditional,2025-09-06,drip_irrigation,13.66
TOM-B2-BIOT,tomato,blockchain_iot,2025-09-06,drip_irrigation,14.77
TOM-B2-TRAD,tomato,traditional,2025-09-06,drip_irrigation,9.43
TOM-B3-TRAD,tomato,traditional,2025-09-06,drip_irrigation,8.97
PEP-B1-BIOT,pepper,blockchain_iot,2025-09-07,drip_irrigation,5.4
PEP-B1-TRAD,pepper,traditional,2025-09-07,drip_irrigation,6.12
PEP-B2-BIOT,pepper,blockchain_iot,2025-09-07,drip_irrigation,9.12
TOM-B1-BIOT,tomato,blockchain_iot,2025-09-07,drip_irrigation,10.13
TOM-B2-BIOT,tomato,blockchain_iot,2025-09-07,drip_irrigation,11.53
TOM-B2-TRAD,tomato,traditional,2025-09-07,drip_irrigation,10.05
TOM-B3-BIOT,tomato,blockchain_iot,2025-09-07,drip_irrigation,9.79
TOM-B3-TRAD,tomato,traditional,2025-09-07,drip_irrigation,6.68
PEP-B1-TRAD,pepper,traditional,2025-09-08,drip_irrigation,6.06
PEP-B2-BIOT,pepper,blockchain_iot,2025-09-08,drip_irrigation,6.5
PEP-B2-TRAD,pepper,traditional,2025-09-08,drip_irrigation,9.97
PEP-B3-BIOT,pepper,blockchain_iot,2025-09-08,drip_irrigation,5.48
PEP-B3-TRAD,pepper,traditional,2025-09-08,drip_irrigation,5.96
TOM-B1-BIOT,tomato,blockchain_iot,2025-09-08,drip_irrigation,9.52
TOM-B1-TRAD,tomato,traditional,2025-09-08,drip_irrigation,14.44
TOM-B3-BIOT,tomato,blockchain_iot,2025-09-08,drip_irrigation,13.11
TOM-B3-TRAD,tomato,traditional,2025-09-08,drip_irrigation,10.9
PEP-B1-BIOT,pepper,blockchain_iot,2025-09-09,drip_irrigation,5.98
PEP-B1-TRAD,pepper,traditional,2025-09-09,drip_irrigation,6.8
PEP-B2-TRAD,pepper,traditional,2025-09-09,drip_irrigation,5.57
PEP-B3-BIOT,pepper,blockchain_iot,2025-09-09,drip_irrigation,7.2
PEP-B3-TRAD,pepper,traditional,2025-09-09,drip_irrigation,7.46
TOM-B1-BIOT,tomato,blockchain_iot,2025-09-09,drip_irrigation,9.33
TOM-B1-TRAD,tomato,traditional,2025-09-09,drip_irrigation,9.75
TOM-B2-TRAD,tomato,traditional,2025-09-09,drip_irrigation,9.62
TOM-B3-BIOT,tomato,blockchain_iot,2025-09-09,drip_irrigation,7.05
TOM-B3-TRAD,tomato,traditional,2025-09-09,drip_irrigation,9.9
PEP-B1-BIOT,pepper,blockchain_iot,2025-09-10,drip_irrigation,7.15
PEP-B1-TRAD,pepper,traditional,2025-09-10,drip_irrigation,5.36
PEP-B3-BIOT,pepper,blockchain_iot,2025-09-10,drip_irrigation,9.0
PEP-B3-TRAD,pepper,traditional,2025-09-10,drip_irrigation,7.2
TOM-B1-TRAD,tomato,traditional,2025-09-10,drip_irrigation,13.17
TOM-B2-BIOT,tomato,blockchain_iot,2025-09-10,drip_irrigation,9.94
TOM-B2-TRAD,tomato,traditional,2025-09-10,drip_irrigation,9.08
PEP-B1-TRAD,pepper,traditional,2025-09-11,drip_irrigation,7.14
PEP-B2-TRAD,pepper,traditional,2025-09-11,drip_irrigation,9.65
PEP-B3-TRAD,pepper,traditional,2025-09-11,drip_irrigation,6.73
TOM-B2-TRAD,tomato,traditional,2025-09-11,drip_irrigation,10.38
TOM-B3-BIOT,tomato,blockchain_iot,2025-09-11,drip_irrigation,10.81
TOM-B3-TRAD,tomato,traditional,2025-09-11,drip_irrigation,11.84
PEP-B1-BIOT,pepper,blockchain_iot,2025-09-12,drip_irrigation,8.71
PEP-B1-TRAD,pepper,traditional,2025-09-12,drip_irrigation,6.47
PEP-B3-TRAD,pepper,traditional,2025-09-12,drip_irrigation,6.11
TOM-B1-BIOT,tomato,blockchain_iot,2025-09-12,drip_irrigation,12.97
TOM-B1-TRAD,tomato,traditional,2025-09-12,drip_irrigation,12.65
TOM-B2-BIOT,tomato,blockchain_iot,2025-09-12,drip_irrigation,11.22
TOM-B2-TRAD,tomato,traditional,2025-09-12,drip_irrigation,9.43
TOM-B3-TRAD,tomato,traditional,2025-09-12,drip_irrigation,12.66
PEP-B1-BIOT,pepper,blockchain_iot,2025-09-13,drip_irrigation,6.56
PEP-B1-TRAD,pepper,traditional,2025-09-13,drip_irrigation,5.33
PEP-B2-TRAD,pepper,traditional,2025-09-13,drip_irrigation,8.76
PEP-B3-BIOT,pepper,blockchain_iot,2025-09-13,drip_irrigation,7.58
PEP-B3-TRAD,pepper,traditional,2025-09-13,drip_irrigation,7.59
TOM-B1-TRAD,tomato,traditional,2025-09-13,drip_irrigation,11.62
TOM-B2-TRAD,tomato,traditional,2025-09-13,drip_irrigation,8.95
TOM-B3-BIOT,tomato,blockchain_iot,2025-09-13,drip_irrigation,9.34
TOM-B3-TRAD,tomato,traditional,2025-09-13,drip_irrigation,8.5
PEP-B1-TRAD,pepper,traditional,2025-09-14,drip_irrigation,5.35
PEP-B2-BIOT,pepper,blockchain_iot,2025-09-14,drip_irrigation,8.51
PEP-B2-TRAD,pepper,traditional,2025-09-14,drip_irrigation,7.67
PEP-B3-BIOT,pepper,blockchain_iot,2025-09-14,drip_irrigation,8.02
TOM-B1-TRAD,tomato,traditional,2025-09-14,drip_irrigation,11.79
TOM-B2-TRAD,tomato,traditional,2025-09-14,drip_irrigation,9.72
TOM-B3-TRAD,tomato,traditional,2025-09-14,drip_irrigation,7.9
PEP-B1-BIOT,pepper,blockchain_iot,2025-09-15,drip_irrigation,8.6
PEP-B2-BIOT,pepper,blockchain_iot,2025-09-15,drip_irrigation,5.37
PEP-B2-TRAD,pepper,traditional,2025-09-15,drip_irrigation,9.46
PEP-B3-TRAD,pepper,traditional,2025-09-15,drip_irrigation,7.67
TOM-B1-TRAD,tomato,traditional,2025-09-15,drip_irrigation,11.97
TOM-B2-TRAD,tomato,traditional,2025-09-15,drip_irrigation,11.06
TOM-B3-BIOT,tomato,blockchain_iot,2025-09-15,drip_irrigation,9.64
PEP-B1-TRAD,pepper,traditional,2025-09-16,drip_irrigation,5.82
PEP-B2-BIOT,pepper,blockchain_iot,2025-09-16,drip_irrigation,10.61
PEP-B2-TRAD,pepper,traditional,2025-09-16,drip_irrigation,7.44
PEP-B3-TRAD,pepper,traditional,2025-09-16,drip_irrigation,7.97
TOM-B2-TRAD,tomato,traditional,2025-09-16,drip_irrigation,9.25
TOM-B3-TRAD,tomato,traditional,2025-09-16,drip_irrigation,9.76
PEP-B2-BIOT,pepper,blockchain_iot,2025-09-17,drip_irrigation,6.48
PEP-B2-TRAD,pepper,traditional,2025-09-17,drip_irrigation,8.12
TOM-B1-BIOT,tomato,blockchain_iot,2025-09-17,drip_irrigation,13.31
TOM-B1-TRAD,tomato,traditional,2025-09-17,drip_irrigation,9.18
TOM-B2-BIOT,tomato,blockchain_iot,2025-09-17,drip_irrigation,13.25
TOM-B2-TRAD,tomato,traditional,2025-09-17,drip_irrigation,11.07
TOM-B3-BIOT,tomato,blockchain_iot,2025-09-17,drip_irrigation,12.58
TOM-B3-TRAD,tomato,traditional,2025-09-17,drip_irrigation,11.38
PEP-B2-BIOT,pepper,blockchain_iot,2025-09-18,drip_irrigation,7.14
PEP-B3-BIOT,pepper,blockchain_iot,2025-09-18,drip_irrigation,7.63
PEP-B3-TRAD,pepper,traditional,2025-09-18,drip_irrigation,6.52
TOM-B1-BIOT,tomato,blockchain_iot,2025-09-18,drip_irrigation,11.57
TOM-B1-TRAD,tomato,traditional,2025-09-18,drip_irrigation,11.43
TOM-B3-BIOT,tomato,blockchain_iot,2025-09-18,drip_irrigation,9.77
TOM-B3-TRAD,tomato,traditional,2025-09-18,drip_irrigation,7.2
PEP-B1-TRAD,pepper,traditional,2025-09-19,drip_irrigation,6.21
PEP-B2-BIOT,pepper,blockchain_iot,2025-09-19,drip_irrigation,6.55
PEP-B2-TRAD,pepper,traditional,2025-09-19,drip_irrigation,6.99
PEP-B3-BIOT,pepper,blockchain_iot,2025-09-19,drip_irrigation,6.09
PEP-B3-TRAD,pepper,traditional,2025-09-19,drip_irrigation,8.37
TOM-B1-BIOT,tomato,blockchain_iot,2025-09-19,drip_irrigation,11.1
TOM-B2-TRAD,tomato,traditional,2025-09-19,drip_irrigation,13.04
TOM-B3-TRAD,tomato,traditional,2025-09-19,drip_irrigation,9.12
PEP-B1-BIOT,pepper,blockchain_iot,2025-09-20,drip_irrigation,7.72
PEP-B1-TRAD,pepper,traditional,2025-09-20,drip_irrigation,6.05
PEP-B3-BIOT,pepper,blockchain_iot,2025-09-20,drip_irrigation,6.09
PEP-B3-TRAD,pepper,traditional,2025-09-20,drip_irrigation,5.76
TOM-B1-BIOT,tomato,blockchain_iot,2025-09-20,drip_irrigation,9.04
TOM-B1-TRAD,tomato,traditional,2025-09-20,drip_irrigation,14.5
TOM-B2-BIOT,tomato,blockchain_iot,2025-09-20,drip_irrigation,13.48
TOM-B2-TRAD,tomato,traditional,2025-09-20,drip_irrigation,9.32
TOM-B3-TRAD,tomato,traditional,2025-09-20,drip_irrigation,10.45
PEP-B1-TRAD,pepper,traditional,2025-09-21,drip_irrigation,6.58
PEP-B2-TRAD,pepper,traditional,2025-09-21,drip_irrigation,9.38
PEP-B3-BIOT,pepper,blockchain_iot,2025-09-21,drip_irrigation,7.29
TOM-B1-BIOT,tomato,blockchain_iot,2025-09-21,drip_irrigation,13.75
TOM-B1-TRAD,tomato,traditional,2025-09-21,drip_irrigation,9.89
TOM-B2-BIOT,tomato,blockchain_iot,2025-09-21,drip_irrigation,12.38
TOM-B2-TRAD,tomato,traditional,2025-09-21,drip_irrigation,9.54
TOM-B3-BIOT,tomato,blockchain_iot,2025-09-21,drip_irrigation,13.07
TOM-B3-TRAD,tomato,traditional,2025-09-21,drip_irrigation,8.83
PEP-B1-BIOT,pepper,blockchain_iot,2025-09-22,drip_irrigation,5.3
PEP-B1-TRAD,pepper,traditional,2025-09-22,drip_irrigation,5.65
PEP-B2-BIOT,pepper,blockchain_iot,2025-09-22,drip_irrigation,7.74
PEP-B2-TRAD,pepper,traditional,2025-09-22,drip_irrigation,4.98
PEP-B3-BIOT,pepper,blockchain_iot,2025-09-22,drip_irrigation,7.01
PEP-B3-TRAD,pepper,traditional,2025-09-22,drip_irrigation,6.66
TOM-B1-BIOT,tomato,blockchain_iot,2025-09-22,drip_irrigation,11.97
TOM-B1-TRAD,tomato,traditional,2025-09-22,drip_irrigation,11.05
TOM-B2-BIOT,tomato,blockchain_iot,2025-09-22,drip_irrigation,12.95
TOM-B2-TRAD,tomato,traditional,2025-09-22,drip_irrigation,8.21
TOM-B3-BIOT,tomato,blockchain_iot,2025-09-22,drip_irrigation,9.14
TOM-B3-TRAD,tomato,traditional,2025-09-22,drip_irrigation,10.5
PEP-B1-BIOT,pepper,blockchain_iot,2025-09-23,drip_irrigation,6.79
PEP-B1-TRAD,pepper,traditional,2025-09-23,drip_irrigation,7.94
PEP-B2-TRAD,pepper,traditional,2025-09-23,drip_irrigation,7.22
PEP-B3-TRAD,pepper,traditional,2025-09-23,drip_irrigation,8.63
TOM-B1-BIOT,tomato,blockchain_iot,2025-09-23,drip_irrigation,8.26
TOM-B1-TRAD,tomato,traditional,2025-09-23,drip_irrigation,12.33
TOM-B2-TRAD,tomato,traditional,2025-09-23,drip_irrigation,11.23
TOM-B3-BIOT,tomato,blockchain_iot,2025-09-23,drip_irrigation,10.3
TOM-B3-TRAD,tomato,traditional,2025-09-23,drip_irrigation,9.0
PEP-B1-BIOT,pepper,blockchain_iot,2025-09-24,drip_irrigation,6.95
PEP-B1-TRAD,pepper,traditional,2025-09-24,drip_irrigation,5.88
PEP-B2-BIOT,pepper,blockchain_iot,2025-09-24,drip_irrigation,7.69
PEP-B2-TRAD,pepper,traditional,2025-09-24,drip_irrigation,6.11
TOM-B1-TRAD,tomato,traditional,2025-09-24,drip_irrigation,11.68
TOM-B2-BIOT,tomato,blockchain_iot,2025-09-24,drip_irrigation,6.89
TOM-B2-TRAD,tomato,traditional,2025-09-24,drip_irrigation,7.63
TOM-B3-BIOT,tomato,blockchain_iot,2025-09-24,drip_irrigation,9.06
TOM-B3-TRAD,tomato,traditional,2025-09-24,drip_irrigation,7.93
PEP-B1-BIOT,pepper,blockchain_iot,2025-09-25,drip_irrigation,5.55
PEP-B2-BIOT,pepper,blockchain_iot,2025-09-25,drip_irrigation,9.25
PEP-B2-TRAD,pepper,traditional,2025-09-25,drip_irrigation,6.07
PEP-B3-BIOT,pepper,blockchain_iot,2025-09-25,drip_irrigation,6.09
TOM-B1-TRAD,tomato,traditional,2025-09-25,drip_irrigation,14.45
TOM-B2-BIOT,tomato,blockchain_iot,2025-09-25,drip_irrigation,10.25
TOM-B3-BIOT,tomato,blockchain_iot,2025-09-25,drip_irrigation,8.77
TOM-B3-TRAD,tomato,traditional,2025-09-25,drip_irrigation,9.88
PEP-B1-TRAD,pepper,traditional,2025-09-26,drip_irrigation,6.12
PEP-B2-TRAD,pepper,traditional,2025-09-26,drip_irrigation,6.37
PEP-B3-TRAD,pepper,traditional,2025-09-26,drip_irrigation,4.92
TOM-B1-BIOT,tomato,blockchain_iot,2025-09-26,drip_irrigation,9.52
TOM-B2-TRAD,tomato,traditional,2025-09-26,drip_irrigation,10.2
PEP-B1-BIOT,pepper,blockchain_iot,2025-09-27,drip_irrigation,6.76
PEP-B1-TRAD,pepper,traditional,2025-09-27,drip_irrigation,4.98
PEP-B2-TRAD,pepper,traditional,2025-09-27,drip_irrigation,7.94
PEP-B3-TRAD,pepper,traditional,2025-09-27,drip_irrigation,6.95
TOM-B1-BIOT,tomato,blockchain_iot,2025-09-27,drip_irrigation,10.99
TOM-B1-TRAD,tomato,traditional,2025-09-27,drip_irrigation,9.11
TOM-B2-BIOT,tomato,blockchain_iot,2025-09-27,drip_irrigation,10.92
TOM-B2-TRAD,tomato,traditional,2025-09-27,drip_irrigation,12.86
TOM-B3-BIOT,tomato,blockchain_iot,2025-09-27,drip_irrigation,9.88
PEP-B1-TRAD,pepper,traditional,2025-09-28,drip_irrigation,4.91
PEP-B2-TRAD,pepper,traditional,2025-09-28,drip_irrigation,7.19
TOM-B1-TRAD,tomato,traditional,2025-09-28,drip_irrigation,8.46
TOM-B2-BIOT,tomato,blockchain_iot,2025-09-28,drip_irrigation,8.93
TOM-B2-TRAD,tomato,traditional,2025-09-28,drip_irrigation,9.76
TOM-B3-BIOT,tomato,blockchain_iot,2025-09-28,drip_irrigation,9.37
TOM-B3-TRAD,tomato,traditional,2025-09-28,drip_irrigation,7.42
PEP-B1-BIOT,pepper,blockchain_iot,2025-09-29,drip_irrigation,8.47
PEP-B2-BIOT,pepper,blockchain_iot,2025-09-29,drip_irrigation,6.73
PEP-B2-TRAD,pepper,traditional,2025-09-29,drip_irrigation,7.25
PEP-B3-BIOT,pepper,blockchain_iot,2025-09-29,drip_irrigation,6.46
PEP-B3-TRAD,pepper,traditional,2025-09-29,drip_irrigation,6.72
TOM-B1-BIOT,tomato,blockchain_iot,2025-09-29,drip_irrigation,12.36
TOM-B1-TRAD,tomato,traditional,2025-09-29,drip_irrigation,10.71
TOM-B2-BIOT,tomato,blockchain_iot,2025-09-29,drip_irrigation,7.7
TOM-B2-TRAD,tomato,traditional,2025-09-29,drip_irrigation,9.7
TOM-B3-TRAD,tomato,traditional,2025-09-29,drip_irrigation,14.18
PEP-B2-BIOT,pepper,blockchain_iot,2025-09-30,drip_irrigation,9.16
PEP-B2-TRAD,pepper,traditional,2025-09-30,drip_irrigation,7.44
PEP-B3-BIOT,pepper,blockchain_iot,2025-09-30,drip_irrigation,5.37
PEP-B3-TRAD,pepper,traditional,2025-09-30,drip_irrigation,5.82
TOM-B1-BIOT,tomato,blockchain_iot,2025-09-30,drip_irrigation,12.25
TOM-B2-BIOT,tomato,blockchain_iot,2025-09-30,drip_irrigation,12.14
TOM-B3-TRAD,tomato,traditional,2025-09-30,drip_irrigation,8.25
